{
    "data": [
        {
            "id": 975558,
            "gameId": 432,
            "name": "(progetto multiverso) ultra avventure ",
            "slug": "progetto-multiverso-ultra-adventure",
            "links": {
                "websiteUrl": "https://www.curseforge.com/minecraft/mc-mods/progetto-multiverso-ultra-adventure",
                "wikiUrl": null,
                "issuesUrl": null,
                "sourceUrl": null
            },
            "summary": "This mod adds many new RPG features to the game",
            "status": 4,
            "downloadCount": 36,
            "isFeatured": false,
            "primaryCategoryId": 422,
            "categories": [
                {
                    "id": 434,
                    "gameId": 432,
                    "name": "Armor, Tools, and Weapons",
                    "slug": "armor-weapons-tools",
                    "url": "https://www.curseforge.com/minecraft/mc-mods/armor-weapons-tools",
                    "iconUrl": "https://media.forgecdn.net/avatars/6/47/635351498790409758.png",
                    "dateModified": "2014-05-08T17:44:39.057Z",
                    "isClass": false,
                    "classId": 6,
                    "parentCategoryId": 6
                },
                {
                    "id": 4906,
                    "gameId": 432,
                    "name": "MCreator",
                    "slug": "mc-creator",
                    "url": "https://www.curseforge.com/minecraft/mc-mods/mc-creator",
                    "iconUrl": "https://media.forgecdn.net/avatars/380/489/637562419922532076.png",
                    "dateModified": "2021-05-10T11:13:12.27Z",
                    "isClass": false,
                    "classId": 6,
                    "parentCategoryId": 6
                },
                {
                    "id": 422,
                    "gameId": 432,
                    "name": "Adventure and RPG",
                    "slug": "adventure-rpg",
                    "url": "https://www.curseforge.com/minecraft/mc-mods/adventure-rpg",
                    "iconUrl": "https://media.forgecdn.net/avatars/6/37/635351497295252123.png",
                    "dateModified": "2014-05-08T17:42:09.54Z",
                    "isClass": false,
                    "classId": 6,
                    "parentCategoryId": 6
                }
            ],
            "classId": 6,
            "authors": [
                {
                    "id": 104297010,
                    "name": "gabry_2317_official",
                    "url": "https://www.curseforge.com/members/gabry_2317_official"
                }
            ],
            "logo": {
                "id": 951280,
                "modId": 975558,
                "title": "638440462804465485.png",
                "description": "",
                "thumbnailUrl": "https://media.forgecdn.net/avatars/thumbnails/951/280/256/256/638440462804465485.png",
                "url": "https://media.forgecdn.net/avatars/951/280/638440462804465485.png"
            },
            "screenshots": [
                {
                    "id": 809135,
                    "modId": 975558,
                    "title": "oni.png",
                    "description": "oni.png",
                    "thumbnailUrl": "https://media.forgecdn.net/attachments/thumbnails/809/135/310/172/oni.png",
                    "url": "https://media.forgecdn.net/attachments/809/135/oni.png"
                },
                {
                    "id": 809134,
                    "modId": 975558,
                    "title": "oni jumpscare.png",
                    "description": "oni jumpscare.png",
                    "thumbnailUrl": "https://media.forgecdn.net/attachments/thumbnails/809/134/310/172/oni-jumpscare.png",
                    "url": "https://media.forgecdn.net/attachments/809/134/oni-jumpscare.png"
                }
            ],
            "mainFileId": 5113128,
            "latestFiles": [
                {
                    "id": 5113128,
                    "gameId": 432,
                    "modId": 975558,
                    "isAvailable": true,
                    "displayName": "ultra_mod_alfa_1.19.2.jar",
                    "fileName": "ultra_mod_alfa_1.19.2.jar",
                    "releaseType": 2,
                    "fileStatus": 4,
                    "hashes": [
                        {
                            "value": "0dbd9761c0f298c00e95b545363f0317468a729a",
                            "algo": 1
                        },
                        {
                            "value": "84a42d208ca22ec3b80e4fd6641ea768",
                            "algo": 2
                        }
                    ],
                    "fileDate": "2024-02-16T18:14:42.06Z",
                    "fileLength": 1025875,
                    "downloadCount": 22,
                    "downloadUrl": "https://edge.forgecdn.net/files/5113/128/ultra_mod_alfa_1.19.2.jar",
                    "gameVersions": [
                        "Client",
                        "1.19.2",
                        "Forge",
                        "Server"
                    ],
                    "sortableGameVersions": [
                        {
                            "gameVersionName": "Client",
                            "gameVersionPadded": "0",
                            "gameVersion": "",
                            "gameVersionReleaseDate": "2022-12-08T00:00:00Z",
                            "gameVersionTypeId": 75208
                        },
                        {
                            "gameVersionName": "1.19.2",
                            "gameVersionPadded": "0000000001.0000000019.0000000002",
                            "gameVersion": "1.19.2",
                            "gameVersionReleaseDate": "2022-08-05T14:12:22.413Z",
                            "gameVersionTypeId": 73407
                        },
                        {
                            "gameVersionName": "Forge",
                            "gameVersionPadded": "0",
                            "gameVersion": "",
                            "gameVersionReleaseDate": "2022-10-01T00:00:00Z",
                            "gameVersionTypeId": 68441
                        },
                        {
                            "gameVersionName": "Server",
                            "gameVersionPadded": "0",
                            "gameVersion": "",
                            "gameVersionReleaseDate": "2022-12-08T00:00:00Z",
                            "gameVersionTypeId": 75208
                        }
                    ],
                    "dependencies": [],
                    "alternateFileId": 0,
                    "isServerPack": false,
                    "fileFingerprint": 3127792979,
                    "modules": [
                        {
                            "name": "META-INF",
                            "fingerprint": 2713780408
                        },
                        {
                            "name": "net",
                            "fingerprint": 3793624261
                        },
                        {
                            "name": "assets",
                            "fingerprint": 2879141910
                        },
                        {
                            "name": "data",
                            "fingerprint": 3733075006
                        },
                        {
                            "name": "logo.png",
                            "fingerprint": 697128879
                        },
                        {
                            "name": "pack.mcmeta",
                            "fingerprint": 2290222233
                        }
                    ]
                }
            ],
            "latestFilesIndexes": [
                {
                    "gameVersion": "1.19.2",
                    "fileId": 5113128,
                    "filename": "ultra_mod_alfa_1.19.2.jar",
                    "releaseType": 2,
                    "gameVersionTypeId": 73407,
                    "modLoader": 1
                }
            ],
            "latestEarlyAccessFilesIndexes": [],
            "dateCreated": "2024-02-16T18:07:50.663Z",
            "dateModified": "2024-02-20T09:43:22.227Z",
            "dateReleased": "2024-02-16T18:14:42.06Z",
            "allowModDistribution": true,
            "gamePopularityRank": 999999,
            "isAvailable": true,
            "thumbsUpCount": 0
        },
        {
            "id": 374528,
            "gameId": 432,
            "name": "A & B Logistics",
            "slug": "a-b-logistics",
            "links": {
                "websiteUrl": "https://www.curseforge.com/minecraft/modpacks/a-b-logistics",
                "wikiUrl": null,
                "issuesUrl": null,
                "sourceUrl": null
            },
            "summary": "A mod pack for discovery",
            "status": 4,
            "downloadCount": 474,
            "isFeatured": false,
            "primaryCategoryId": 4476,
            "categories": [
                {
                    "id": 4476,
                    "gameId": 432,
                    "name": "Exploration",
                    "slug": "exploration",
                    "url": "https://www.curseforge.com/minecraft/modpacks/exploration",
                    "iconUrl": "https://media.forgecdn.net/avatars/14/486/635596815896417213.png",
                    "dateModified": "2015-02-16T17:06:29.69Z",
                    "isClass": false,
                    "classId": 4471,
                    "parentCategoryId": 4471
                },
                {
                    "id": 4475,
                    "gameId": 432,
                    "name": "Adventure and RPG",
                    "slug": "adventure-and-rpg",
                    "url": "https://www.curseforge.com/minecraft/modpacks/adventure-and-rpg",
                    "iconUrl": "https://media.forgecdn.net/avatars/14/480/635596775049811800.png",
                    "dateModified": "2015-02-16T15:58:24.98Z",
                    "isClass": false,
                    "classId": 4471,
                    "parentCategoryId": 4471
                },
                {
                    "id": 4472,
                    "gameId": 432,
                    "name": "Tech",
                    "slug": "tech",
                    "url": "https://www.curseforge.com/minecraft/modpacks/tech",
                    "iconUrl": "https://media.forgecdn.net/avatars/14/479/635596761534662757.png",
                    "dateModified": "2015-02-16T15:35:53.467Z",
                    "isClass": false,
                    "classId": 4471,
                    "parentCategoryId": 4471
                },
                {
                    "id": 4478,
                    "gameId": 432,
                    "name": "Quests",
                    "slug": "quests",
                    "url": "https://www.curseforge.com/minecraft/modpacks/quests",
                    "iconUrl": "https://media.forgecdn.net/avatars/14/487/635596816137981263.png",
                    "dateModified": "2015-02-16T17:06:53.797Z",
                    "isClass": false,
                    "classId": 4471,
                    "parentCategoryId": 4471
                },
                {
                    "id": 4473,
                    "gameId": 432,
                    "name": "Magic",
                    "slug": "magic",
                    "url": "https://www.curseforge.com/minecraft/modpacks/magic",
                    "iconUrl": "https://media.forgecdn.net/avatars/14/474/635596760578719019.png",
                    "dateModified": "2015-02-16T15:34:17.873Z",
                    "isClass": false,
                    "classId": 4471,
                    "parentCategoryId": 4471
                }
            ],
            "classId": 4471,
            "authors": [
                {
                    "id": 100982817,
                    "name": "Forge_User_90897424",
                    "url": "https://www.curseforge.com/members/forge_user_90897424"
                }
            ],
            "logo": {
                "id": 262322,
                "modId": 374528,
                "title": "637220503385458626.png",
                "description": "",
                "thumbnailUrl": "https://media.forgecdn.net/avatars/thumbnails/262/322/256/256/637220503385458626.png",
                "url": "https://media.forgecdn.net/avatars/262/322/637220503385458626.png"
            },
            "screenshots": [],
            "mainFileId": 2925344,
            "latestFiles": [
                {
                    "id": 2925344,
                    "gameId": 432,
                    "modId": 374528,
                    "isAvailable": true,
                    "displayName": "A & B",
                    "fileName": "A  B-1.0.0.zip",
                    "releaseType": 1,
                    "fileStatus": 4,
                    "hashes": [],
                    "fileDate": "2020-04-09T17:34:48.73Z",
                    "fileLength": 2864,
                    "downloadCount": 0,
                    "downloadUrl": "https://edge.forgecdn.net/files/2925/344/A  B-1.0.0.zip",
                    "gameVersions": [
                        "1.12.2"
                    ],
                    "sortableGameVersions": [
                        {
                            "gameVersionName": "1.12.2",
                            "gameVersionPadded": "0000000001.0000000012.0000000002",
                            "gameVersion": "1.12.2",
                            "gameVersionReleaseDate": "2017-09-18T05:00:00Z",
                            "gameVersionTypeId": null
                        }
                    ],
                    "dependencies": [],
                    "alternateFileId": 0,
                    "isServerPack": false,
                    "fileFingerprint": 3079026839,
                    "modules": [
                        {
                            "name": "manifest.json",
                            "fingerprint": 295024182
                        }
                    ]
                }
            ],
            "latestFilesIndexes": [
                {
                    "gameVersion": "1.12.2",
                    "fileId": 2925344,
                    "filename": "A  B-1.0.0.zip",
                    "releaseType": 1
                }
            ],
            "latestEarlyAccessFilesIndexes": [],
            "dateCreated": "2020-04-09T17:32:18.497Z",
            "dateModified": "2020-04-10T14:15:49.387Z",
            "dateReleased": "2020-04-09T17:34:48.73Z",
            "allowModDistribution": null,
            "gamePopularityRank": 999999,
            "isAvailable": true,
            "thumbsUpCount": 0
        },
        {
            "id": 982636,
            "gameId": 432,
            "name": "A 100 days in a Zombie Apocalypse",
            "slug": "a-100-days-in-a-zombie-apocalypse",
            "links": {
                "websiteUrl": "https://www.curseforge.com/minecraft/modpacks/a-100-days-in-a-zombie-apocalypse",
                "wikiUrl": null,
                "issuesUrl": null,
                "sourceUrl": null
            },
            "summary": "A modpack allowing you to explore ruined cites.",
            "status": 4,
            "downloadCount": 141,
            "isFeatured": false,
            "primaryCategoryId": 4476,
            "categories": [
                {
                    "id": 4475,
                    "gameId": 432,
                    "name": "Adventure and RPG",
                    "slug": "adventure-and-rpg",
                    "url": "https://www.curseforge.com/minecraft/modpacks/adventure-and-rpg",
                    "iconUrl": "https://media.forgecdn.net/avatars/14/480/635596775049811800.png",
                    "dateModified": "2015-02-16T15:58:24.98Z",
                    "isClass": false,
                    "classId": 4471,
                    "parentCategoryId": 4471
                },
                {
                    "id": 4476,
                    "gameId": 432,
                    "name": "Exploration",
                    "slug": "exploration",
                    "url": "https://www.curseforge.com/minecraft/modpacks/exploration",
                    "iconUrl": "https://media.forgecdn.net/avatars/14/486/635596815896417213.png",
                    "dateModified": "2015-02-16T17:06:29.69Z",
                    "isClass": false,
                    "classId": 4471,
                    "parentCategoryId": 4471
                }
            ],
            "classId": 4471,
            "authors": [
                {
                    "id": 107607087,
                    "name": "omgitszack12",
                    "url": "https://www.curseforge.com/members/omgitszack12"
                }
            ],
            "logo": {
                "id": 957658,
                "modId": 982636,
                "title": "638451061592611365.png",
                "description": "",
                "thumbnailUrl": "https://media.forgecdn.net/avatars/thumbnails/957/658/256/256/638451061592611365.png",
                "url": "https://media.forgecdn.net/avatars/957/658/638451061592611365.png"
            },
            "screenshots": [],
            "mainFileId": 5155575,
            "latestFiles": [
                {
                    "id": 5155575,
                    "gameId": 432,
                    "modId": 982636,
                    "isAvailable": true,
                    "displayName": "100 days in a Zombie Apocalypse.zip",
                    "fileName": "100 days in a Zombie Apocalypse.zip",
                    "releaseType": 1,
                    "fileStatus": 4,
                    "hashes": [
                        {
                            "value": "73cb9270ff9e657716046c65f950b20806fbfa28",
                            "algo": 1
                        },
                        {
                            "value": "b9177bd5ec008991768d0ba3247bf625",
                            "algo": 2
                        }
                    ],
                    "fileDate": "2024-03-03T23:43:44.25Z",
                    "fileLength": 39242,
                    "downloadCount": 10,
                    "downloadUrl": "https://edge.forgecdn.net/files/5155/575/100%20days%20in%20a%20Zombie%20Apocalypse.zip",
                    "gameVersions": [
                        "1.16.5",
                        "Forge"
                    ],
                    "sortableGameVersions": [
                        {
                            "gameVersionName": "1.16.5",
                            "gameVersionPadded": "0000000001.0000000016.0000000005",
                            "gameVersion": "1.16.5",
                            "gameVersionReleaseDate": "2021-01-15T14:14:48.91Z",
                            "gameVersionTypeId": 70886
                        },
                        {
                            "gameVersionName": "Forge",
                            "gameVersionPadded": "0",
                            "gameVersion": "",
                            "gameVersionReleaseDate": "2022-10-01T00:00:00Z",
                            "gameVersionTypeId": 68441
                        }
                    ],
                    "dependencies": [],
                    "alternateFileId": 0,
                    "isServerPack": false,
                    "fileFingerprint": 1974237377,
                    "modules": [
                        {
                            "name": "manifest.json",
                            "fingerprint": 94680021
                        }
                    ]
                }
            ],
            "latestFilesIndexes": [
                {
                    "gameVersion": "1.16.5",
                    "fileId": 5155575,
                    "filename": "100 days in a Zombie Apocalypse.zip",
                    "releaseType": 1,
                    "gameVersionTypeId": 70886,
                    "modLoader": 1
                }
            ],
            "latestEarlyAccessFilesIndexes": [],
            "dateCreated": "2024-03-03T23:42:39.237Z",
            "dateModified": "2024-03-04T14:29:05.23Z",
            "dateReleased": "2024-03-03T23:43:44.25Z",
            "allowModDistribution": true,
            "gamePopularityRank": 999999,
            "isAvailable": true,
            "thumbsUpCount": 0
        },
        {
            "id": 913867,
            "gameId": 432,
            "name": "A Cobblemon Journey",
            "slug": "a-cobblemon-journey",
            "links": {
                "websiteUrl": "https://www.curseforge.com/minecraft/modpacks/a-cobblemon-journey",
                "wikiUrl": "",
                "issuesUrl": null,
                "sourceUrl": null
            },
            "summary": "A perfect mix of Pokemon and Minecraft",
            "status": 4,
            "downloadCount": 92,
            "isFeatured": false,
            "primaryCategoryId": 5128,
            "categories": [
                {
                    "id": 5128,
                    "gameId": 432,
                    "name": "Vanilla+",
                    "slug": "vanilla",
                    "url": "https://www.curseforge.com/minecraft/modpacks/vanilla",
                    "iconUrl": "https://media.forgecdn.net/avatars/451/388/637713564446392425.png",
                    "dateModified": "2021-11-01T09:40:44.687Z",
                    "isClass": false,
                    "classId": 4471,
                    "parentCategoryId": 4471
                },
                {
                    "id": 4476,
                    "gameId": 432,
                    "name": "Exploration",
                    "slug": "exploration",
                    "url": "https://www.curseforge.com/minecraft/modpacks/exploration",
                    "iconUrl": "https://media.forgecdn.net/avatars/14/486/635596815896417213.png",
                    "dateModified": "2015-02-16T17:06:29.69Z",
                    "isClass": false,
                    "classId": 4471,
                    "parentCategoryId": 4471
                },
                {
                    "id": 4475,
                    "gameId": 432,
                    "name": "Adventure and RPG",
                    "slug": "adventure-and-rpg",
                    "url": "https://www.curseforge.com/minecraft/modpacks/adventure-and-rpg",
                    "iconUrl": "https://media.forgecdn.net/avatars/14/480/635596775049811800.png",
                    "dateModified": "2015-02-16T15:58:24.98Z",
                    "isClass": false,
                    "classId": 4471,
                    "parentCategoryId": 4471
                },
                {
                    "id": 4484,
                    "gameId": 432,
                    "name": "Multiplayer",
                    "slug": "multiplayer",
                    "url": "https://www.curseforge.com/minecraft/modpacks/multiplayer",
                    "iconUrl": "https://media.forgecdn.net/avatars/14/481/635596792838491141.png",
                    "dateModified": "2015-02-16T16:28:03.85Z",
                    "isClass": false,
                    "classId": 4471,
                    "parentCategoryId": 4471
                },
                {
                    "id": 4481,
                    "gameId": 432,
                    "name": "Small / Light",
                    "slug": "small-light",
                    "url": "https://www.curseforge.com/minecraft/modpacks/small-light",
                    "iconUrl": "https://media.forgecdn.net/avatars/14/478/635596761449660932.png",
                    "dateModified": "2015-02-16T15:35:44.967Z",
                    "isClass": false,
                    "classId": 4471,
                    "parentCategoryId": 4471
                }
            ],
            "classId": 4471,
            "authors": [
                {
                    "id": 104927463,
                    "name": "DrnkyBoy",
                    "url": "https://www.curseforge.com/members/drnkyboy"
                }
            ],
            "logo": {
                "id": 878616,
                "modId": 913867,
                "title": "638305507537078094.png",
                "description": "",
                "thumbnailUrl": "https://media.forgecdn.net/avatars/thumbnails/878/616/256/256/638305507537078094.png",
                "url": "https://media.forgecdn.net/avatars/878/616/638305507537078094.png"
            },
            "screenshots": [],
            "mainFileId": 4755509,
            "latestFiles": [
                {
                    "id": 4755509,
                    "gameId": 432,
                    "modId": 913867,
                    "isAvailable": true,
                    "displayName": "Cobblemon Adventures-1.0.zip",
                    "fileName": "Cobblemon Adventures-1.0.zip",
                    "releaseType": 1,
                    "fileStatus": 4,
                    "hashes": [
                        {
                            "value": "665c5e63f5028140e7e8030a00be4ab2d13d54d0",
                            "algo": 1
                        },
                        {
                            "value": "20a97e3536ed03139d0c1edf09892d9f",
                            "algo": 2
                        }
                    ],
                    "fileDate": "2023-09-17T00:45:58.087Z",
                    "fileLength": 156760,
                    "downloadCount": 7,
                    "downloadUrl": "https://edge.forgecdn.net/files/4755/509/Cobblemon Adventures-1.0.zip",
                    "gameVersions": [
                        "Fabric",
                        "1.19.2"
                    ],
                    "sortableGameVersions": [
                        {
                            "gameVersionName": "Fabric",
                            "gameVersionPadded": "0",
                            "gameVersion": "",
                            "gameVersionReleaseDate": "2022-09-01T00:00:00Z",
                            "gameVersionTypeId": 68441
                        },
                        {
                            "gameVersionName": "1.19.2",
                            "gameVersionPadded": "0000000001.0000000019.0000000002",
                            "gameVersion": "1.19.2",
                            "gameVersionReleaseDate": "2022-08-05T14:12:22.413Z",
                            "gameVersionTypeId": 73407
                        }
                    ],
                    "dependencies": [],
                    "alternateFileId": 0,
                    "isServerPack": false,
                    "fileFingerprint": 1611290282,
                    "modules": [
                        {
                            "name": "manifest.json",
                            "fingerprint": 2659905871
                        }
                    ]
                }
            ],
            "latestFilesIndexes": [
                {
                    "gameVersion": "1.19.2",
                    "fileId": 4755509,
                    "filename": "Cobblemon Adventures-1.0.zip",
                    "releaseType": 1,
                    "gameVersionTypeId": 73407,
                    "modLoader": 4
                }
            ],
            "latestEarlyAccessFilesIndexes": [],
            "dateCreated": "2023-09-17T00:44:33.453Z",
            "dateModified": "2023-09-18T10:47:52.313Z",
            "dateReleased": "2023-09-17T00:45:58.087Z",
            "allowModDistribution": true,
            "gamePopularityRank": 999999,
            "isAvailable": true,
            "thumbsUpCount": 0
        },
        {
            "id": 982465,
            "gameId": 432,
            "name": "A Era Do Futuro: Reforged",
            "slug": "a-era-do-futuro-reforged",
            "links": {
                "websiteUrl": "https://www.curseforge.com/minecraft/modpacks/a-era-do-futuro-reforged",
                "wikiUrl": null,
                "issuesUrl": null,
                "sourceUrl": null
            },
            "summary": "\"Era Do Futuro: Reforged\" is a new and updated version of the most famous modpack in Brazil, played by many YouTubers and now back in its new version.",
            "status": 4,
            "downloadCount": 19,
            "isFeatured": false,
            "primaryCategoryId": 4475,
            "categories": [
                {
                    "id": 4476,
                    "gameId": 432,
                    "name": "Exploration",
                    "slug": "exploration",
                    "url": "https://www.curseforge.com/minecraft/modpacks/exploration",
                    "iconUrl": "https://media.forgecdn.net/avatars/14/486/635596815896417213.png",
                    "dateModified": "2015-02-16T17:06:29.69Z",
                    "isClass": false,
                    "classId": 4471,
                    "parentCategoryId": 4471
                },
                {
                    "id": 4472,
                    "gameId": 432,
                    "name": "Tech",
                    "slug": "tech",
                    "url": "https://www.curseforge.com/minecraft/modpacks/tech",
                    "iconUrl": "https://media.forgecdn.net/avatars/14/479/635596761534662757.png",
                    "dateModified": "2015-02-16T15:35:53.467Z",
                    "isClass": false,
                    "classId": 4471,
                    "parentCategoryId": 4471
                },
                {
                    "id": 4475,
                    "gameId": 432,
                    "name": "Adventure and RPG",
                    "slug": "adventure-and-rpg",
                    "url": "https://www.curseforge.com/minecraft/modpacks/adventure-and-rpg",
                    "iconUrl": "https://media.forgecdn.net/avatars/14/480/635596775049811800.png",
                    "dateModified": "2015-02-16T15:58:24.98Z",
                    "isClass": false,
                    "classId": 4471,
                    "parentCategoryId": 4471
                },
                {
                    "id": 4483,
                    "gameId": 432,
                    "name": "Combat / PvP",
                    "slug": "combat-pvp",
                    "url": "https://www.curseforge.com/minecraft/modpacks/combat-pvp",
                    "iconUrl": "https://media.forgecdn.net/avatars/14/313/635591779575605594.png",
                    "dateModified": "2015-02-10T21:12:37.56Z",
                    "isClass": false,
                    "classId": 4471,
                    "parentCategoryId": 4471
                },
                {
                    "id": 4478,
                    "gameId": 432,
                    "name": "Quests",
                    "slug": "quests",
                    "url": "https://www.curseforge.com/minecraft/modpacks/quests",
                    "iconUrl": "https://media.forgecdn.net/avatars/14/487/635596816137981263.png",
                    "dateModified": "2015-02-16T17:06:53.797Z",
                    "isClass": false,
                    "classId": 4471,
                    "parentCategoryId": 4471
                }
            ],
            "classId": 4471,
            "authors": [
                {
                    "id": 108060427,
                    "name": "CapoBR",
                    "url": "https://www.curseforge.com/members/capobr"
                }
            ],
            "logo": {
                "id": 957434,
                "modId": 982465,
                "title": "638450797154573053.jpeg",
                "description": "",
                "thumbnailUrl": "https://media.forgecdn.net/avatars/thumbnails/957/434/256/256/638450797154573053.jpeg",
                "url": "https://media.forgecdn.net/avatars/957/434/638450797154573053.jpeg"
            },
            "screenshots": [
                {
                    "id": 818383,
                    "modId": 982465,
                    "title": "New Biomes",
                    "description": "",
                    "thumbnailUrl": "https://media.forgecdn.net/attachments/thumbnails/818/383/310/172/screenshot1.jpg",
                    "url": "https://media.forgecdn.net/attachments/818/383/screenshot1.jpg"
                },
                {
                    "id": 818384,
                    "modId": 982465,
                    "title": "Space Exploration",
                    "description": "",
                    "thumbnailUrl": "https://media.forgecdn.net/attachments/thumbnails/818/384/310/172/screenshots3.jpg",
                    "url": "https://media.forgecdn.net/attachments/818/384/screenshots3.jpg"
                },
                {
                    "id": 818387,
                    "modId": 982465,
                    "title": "New Planets",
                    "description": "",
                    "thumbnailUrl": "https://media.forgecdn.net/attachments/thumbnails/818/387/310/172/screenshots4.jpg",
                    "url": "https://media.forgecdn.net/attachments/818/387/screenshots4.jpg"
                },
                {
                    "id": 818389,
                    "modId": 982465,
                    "title": "New Dungeons ",
                    "description": "",
                    "thumbnailUrl": "https://media.forgecdn.net/attachments/thumbnails/818/389/310/172/screenshots6.jpg",
                    "url": "https://media.forgecdn.net/attachments/818/389/screenshots6.jpg"
                },
                {
                    "id": 818385,
                    "modId": 982465,
                    "title": "Aether Mod",
                    "description": "",
                    "thumbnailUrl": "https://media.forgecdn.net/attachments/thumbnails/818/385/310/172/screenshots5.jpg",
                    "url": "https://media.forgecdn.net/attachments/818/385/screenshots5.jpg"
                },
                {
                    "id": 818386,
                    "modId": 982465,
                    "title": "Space Bases",
                    "description": "",
                    "thumbnailUrl": "https://media.forgecdn.net/attachments/thumbnails/818/386/310/172/screenshot-5.jpg",
                    "url": "https://media.forgecdn.net/attachments/818/386/screenshot-5.jpg"
                }
            ],
            "mainFileId": 5154597,
            "latestFiles": [
                {
                    "id": 5154597,
                    "gameId": 432,
                    "modId": 982465,
                    "isAvailable": true,
                    "displayName": "A Era Do Futuro REFORGED-1.0.zip",
                    "fileName": "A Era Do Futuro REFORGED-1.0.zip",
                    "releaseType": 1,
                    "fileStatus": 4,
                    "hashes": [
                        {
                            "value": "4113b5d9319c83443ab52d415fbd80793dd93e8e",
                            "algo": 1
                        },
                        {
                            "value": "6976ff811b7f240fab787205d2606ffa",
                            "algo": 2
                        }
                    ],
                    "fileDate": "2024-03-03T16:22:46.75Z",
                    "fileLength": 3367,
                    "downloadCount": 6,
                    "downloadUrl": "https://edge.forgecdn.net/files/5154/597/A%20Era%20Do%20Futuro%20REFORGED-1.0.zip",
                    "gameVersions": [
                        "1.20.1",
                        "Forge"
                    ],
                    "sortableGameVersions": [
                        {
                            "gameVersionName": "1.20.1",
                            "gameVersionPadded": "0000000001.0000000020.0000000001",
                            "gameVersion": "1.20.1",
                            "gameVersionReleaseDate": "2023-06-12T14:26:38.477Z",
                            "gameVersionTypeId": 75125
                        },
                        {
                            "gameVersionName": "Forge",
                            "gameVersionPadded": "0",
                            "gameVersion": "",
                            "gameVersionReleaseDate": "2022-10-01T00:00:00Z",
                            "gameVersionTypeId": 68441
                        }
                    ],
                    "dependencies": [],
                    "alternateFileId": 0,
                    "isServerPack": false,
                    "fileFingerprint": 2040795545,
                    "modules": [
                        {
                            "name": "manifest.json",
                            "fingerprint": 2378449405
                        }
                    ]
                }
            ],
            "latestFilesIndexes": [
                {
                    "gameVersion": "1.20.1",
                    "fileId": 5154597,
                    "filename": "A Era Do Futuro REFORGED-1.0.zip",
                    "releaseType": 1,
                    "gameVersionTypeId": 75125,
                    "modLoader": 1
                }
            ],
            "latestEarlyAccessFilesIndexes": [],
            "dateCreated": "2024-03-03T16:21:55.437Z",
            "dateModified": "2024-03-04T14:38:44.79Z",
            "dateReleased": "2024-03-03T16:22:46.75Z",
            "allowModDistribution": true,
            "gamePopularityRank": 999999,
            "isAvailable": true,
            "thumbsUpCount": 0
        },
        {
            "id": 927097,
            "gameId": 432,
            "name": "A New Colony",
            "slug": "a-new-colony",
            "links": {
                "websiteUrl": "https://www.curseforge.com/minecraft/modpacks/a-new-colony",
                "wikiUrl": null,
                "issuesUrl": null,
                "sourceUrl": null
            },
            "summary": "Small Minecolonies Pack",
            "status": 4,
            "downloadCount": 30,
            "isFeatured": false,
            "primaryCategoryId": 5128,
            "categories": [
                {
                    "id": 4475,
                    "gameId": 432,
                    "name": "Adventure and RPG",
                    "slug": "adventure-and-rpg",
                    "url": "https://www.curseforge.com/minecraft/modpacks/adventure-and-rpg",
                    "iconUrl": "https://media.forgecdn.net/avatars/14/480/635596775049811800.png",
                    "dateModified": "2015-02-16T15:58:24.98Z",
                    "isClass": false,
                    "classId": 4471,
                    "parentCategoryId": 4471
                },
                {
                    "id": 5128,
                    "gameId": 432,
                    "name": "Vanilla+",
                    "slug": "vanilla",
                    "url": "https://www.curseforge.com/minecraft/modpacks/vanilla",
                    "iconUrl": "https://media.forgecdn.net/avatars/451/388/637713564446392425.png",
                    "dateModified": "2021-11-01T09:40:44.687Z",
                    "isClass": false,
                    "classId": 4471,
                    "parentCategoryId": 4471
                }
            ],
            "classId": 4471,
            "authors": [
                {
                    "id": 105547548,
                    "name": "modest_montalcini2210180",
                    "url": "https://www.curseforge.com/members/modest_montalcini2210180"
                }
            ],
            "logo": {
                "id": 894164,
                "modId": 927097,
                "title": "638337596906222889.jpeg",
                "description": "",
                "thumbnailUrl": "https://media.forgecdn.net/avatars/thumbnails/894/164/256/256/638337596906222889.jpeg",
                "url": "https://media.forgecdn.net/avatars/894/164/638337596906222889.jpeg"
            },
            "screenshots": [],
            "mainFileId": 4814849,
            "latestFiles": [
                {
                    "id": 4814849,
                    "gameId": 432,
                    "modId": 927097,
                    "isAvailable": true,
                    "displayName": "A New Colony",
                    "fileName": "Minecolonies.zip",
                    "releaseType": 1,
                    "fileStatus": 4,
                    "hashes": [
                        {
                            "value": "ac3fb662a2fc7ca169bc99ed058ea48f881c441c",
                            "algo": 1
                        },
                        {
                            "value": "e365edd24e143f33724a62becbcb5c80",
                            "algo": 2
                        }
                    ],
                    "fileDate": "2023-10-24T15:57:18.177Z",
                    "fileLength": 329808,
                    "downloadCount": 5,
                    "downloadUrl": "https://edge.forgecdn.net/files/4814/849/Minecolonies.zip",
                    "gameVersions": [
                        "1.19.3",
                        "Forge"
                    ],
                    "sortableGameVersions": [
                        {
                            "gameVersionName": "1.19.3",
                            "gameVersionPadded": "0000000001.0000000019.0000000003",
                            "gameVersion": "1.19.3",
                            "gameVersionReleaseDate": "2022-10-19T00:00:00Z",
                            "gameVersionTypeId": 73407
                        },
                        {
                            "gameVersionName": "Forge",
                            "gameVersionPadded": "0",
                            "gameVersion": "",
                            "gameVersionReleaseDate": "2022-10-01T00:00:00Z",
                            "gameVersionTypeId": 68441
                        }
                    ],
                    "dependencies": [],
                    "alternateFileId": 0,
                    "isServerPack": false,
                    "fileFingerprint": 1521487588,
                    "modules": [
                        {
                            "name": "manifest.json",
                            "fingerprint": 3253284582
                        }
                    ]
                }
            ],
            "latestFilesIndexes": [
                {
                    "gameVersion": "1.19.3",
                    "fileId": 4814849,
                    "filename": "Minecolonies.zip",
                    "releaseType": 1,
                    "gameVersionTypeId": 73407,
                    "modLoader": 1
                }
            ],
            "latestEarlyAccessFilesIndexes": [],
            "dateCreated": "2023-10-24T15:54:50.6Z",
            "dateModified": "2023-10-25T12:06:40.67Z",
            "dateReleased": "2023-10-24T15:57:18.177Z",
            "allowModDistribution": true,
            "gamePopularityRank": 999999,
            "isAvailable": true,
            "thumbsUpCount": 0
        },
        {
            "id": 993344,
            "gameId": 432,
            "name": "A New Survival Adventure",
            "slug": "a-new-survival-adventure",
            "links": {
                "websiteUrl": "https://www.curseforge.com/minecraft/modpacks/a-new-survival-adventure",
                "wikiUrl": null,
                "issuesUrl": null,
                "sourceUrl": null
            },
            "summary": "A Very Simple and Subtle Redesign of the Vanilla Minecraft Experience",
            "status": 4,
            "downloadCount": 25,
            "isFeatured": false,
            "primaryCategoryId": 4476,
            "categories": [
                {
                    "id": 4484,
                    "gameId": 432,
                    "name": "Multiplayer",
                    "slug": "multiplayer",
                    "url": "https://www.curseforge.com/minecraft/modpacks/multiplayer",
                    "iconUrl": "https://media.forgecdn.net/avatars/14/481/635596792838491141.png",
                    "dateModified": "2015-02-16T16:28:03.85Z",
                    "isClass": false,
                    "classId": 4471,
                    "parentCategoryId": 4471
                },
                {
                    "id": 5128,
                    "gameId": 432,
                    "name": "Vanilla+",
                    "slug": "vanilla",
                    "url": "https://www.curseforge.com/minecraft/modpacks/vanilla",
                    "iconUrl": "https://media.forgecdn.net/avatars/451/388/637713564446392425.png",
                    "dateModified": "2021-11-01T09:40:44.687Z",
                    "isClass": false,
                    "classId": 4471,
                    "parentCategoryId": 4471
                },
                {
                    "id": 4481,
                    "gameId": 432,
                    "name": "Small / Light",
                    "slug": "small-light",
                    "url": "https://www.curseforge.com/minecraft/modpacks/small-light",
                    "iconUrl": "https://media.forgecdn.net/avatars/14/478/635596761449660932.png",
                    "dateModified": "2015-02-16T15:35:44.967Z",
                    "isClass": false,
                    "classId": 4471,
                    "parentCategoryId": 4471
                },
                {
                    "id": 4476,
                    "gameId": 432,
                    "name": "Exploration",
                    "slug": "exploration",
                    "url": "https://www.curseforge.com/minecraft/modpacks/exploration",
                    "iconUrl": "https://media.forgecdn.net/avatars/14/486/635596815896417213.png",
                    "dateModified": "2015-02-16T17:06:29.69Z",
                    "isClass": false,
                    "classId": 4471,
                    "parentCategoryId": 4471
                }
            ],
            "classId": 4471,
            "authors": [
                {
                    "id": 108522371,
                    "name": "darthradont",
                    "url": "https://www.curseforge.com/members/darthradont"
                }
            ],
            "logo": {
                "id": 970077,
                "modId": 993344,
                "title": "638471163684182667.jpeg",
                "description": "",
                "thumbnailUrl": "https://media.forgecdn.net/avatars/thumbnails/970/77/256/256/638471163684182667.jpeg",
                "url": "https://media.forgecdn.net/avatars/970/77/638471163684182667.jpeg"
            },
            "screenshots": [],
            "mainFileId": 5219451,
            "latestFiles": [
                {
                    "id": 5219451,
                    "gameId": 432,
                    "modId": 993344,
                    "isAvailable": true,
                    "displayName": "A New Survival Adventure (Compatibility Fixes)",
                    "fileName": "Simple fabric.zip",
                    "releaseType": 1,
                    "fileStatus": 4,
                    "hashes": [
                        {
                            "value": "96e82f36baae0ec16f7bdffb72fafbb4b1eee617",
                            "algo": 1
                        },
                        {
                            "value": "34f2ec496954c89e72d41d5337b247e4",
                            "algo": 2
                        }
                    ],
                    "fileDate": "2024-03-29T03:23:50.18Z",
                    "fileLength": 111045,
                    "downloadCount": 14,
                    "downloadUrl": "https://edge.forgecdn.net/files/5219/451/Simple%20fabric.zip",
                    "gameVersions": [
                        "Fabric",
                        "1.20.1"
                    ],
                    "sortableGameVersions": [
                        {
                            "gameVersionName": "Fabric",
                            "gameVersionPadded": "0",
                            "gameVersion": "",
                            "gameVersionReleaseDate": "2022-09-01T00:00:00Z",
                            "gameVersionTypeId": 68441
                        },
                        {
                            "gameVersionName": "1.20.1",
                            "gameVersionPadded": "0000000001.0000000020.0000000001",
                            "gameVersion": "1.20.1",
                            "gameVersionReleaseDate": "2023-06-12T14:26:38.477Z",
                            "gameVersionTypeId": 75125
                        }
                    ],
                    "dependencies": [],
                    "alternateFileId": 0,
                    "isServerPack": false,
                    "fileFingerprint": 4014438583,
                    "modules": [
                        {
                            "name": "manifest.json",
                            "fingerprint": 2912817427
                        }
                    ]
                }
            ],
            "latestFilesIndexes": [
                {
                    "gameVersion": "1.20.1",
                    "fileId": 5219451,
                    "filename": "Simple fabric.zip",
                    "releaseType": 1,
                    "gameVersionTypeId": 75125,
                    "modLoader": 4
                }
            ],
            "latestEarlyAccessFilesIndexes": [],
            "dateCreated": "2024-03-27T06:06:08.4Z",
            "dateModified": "2024-03-29T03:28:50.507Z",
            "dateReleased": "2024-03-29T03:23:50.18Z",
            "allowModDistribution": true,
            "gamePopularityRank": 999999,
            "isAvailable": true,
            "thumbsUpCount": 0
        },
        {
            "id": 991053,
            "gameId": 432,
            "name": "A Simply Magical Exploration",
            "slug": "a-simply-magical-exploration",
            "links": {
                "websiteUrl": "https://www.curseforge.com/minecraft/modpacks/a-simply-magical-exploration",
                "wikiUrl": null,
                "issuesUrl": null,
                "sourceUrl": null
            },
            "summary": "A light modpack for those of us with cavemen technology",
            "status": 4,
            "downloadCount": 11,
            "isFeatured": false,
            "primaryCategoryId": 4475,
            "categories": [
                {
                    "id": 4475,
                    "gameId": 432,
                    "name": "Adventure and RPG",
                    "slug": "adventure-and-rpg",
                    "url": "https://www.curseforge.com/minecraft/modpacks/adventure-and-rpg",
                    "iconUrl": "https://media.forgecdn.net/avatars/14/480/635596775049811800.png",
                    "dateModified": "2015-02-16T15:58:24.98Z",
                    "isClass": false,
                    "classId": 4471,
                    "parentCategoryId": 4471
                },
                {
                    "id": 4473,
                    "gameId": 432,
                    "name": "Magic",
                    "slug": "magic",
                    "url": "https://www.curseforge.com/minecraft/modpacks/magic",
                    "iconUrl": "https://media.forgecdn.net/avatars/14/474/635596760578719019.png",
                    "dateModified": "2015-02-16T15:34:17.873Z",
                    "isClass": false,
                    "classId": 4471,
                    "parentCategoryId": 4471
                },
                {
                    "id": 4481,
                    "gameId": 432,
                    "name": "Small / Light",
                    "slug": "small-light",
                    "url": "https://www.curseforge.com/minecraft/modpacks/small-light",
                    "iconUrl": "https://media.forgecdn.net/avatars/14/478/635596761449660932.png",
                    "dateModified": "2015-02-16T15:35:44.967Z",
                    "isClass": false,
                    "classId": 4471,
                    "parentCategoryId": 4471
                },
                {
                    "id": 4476,
                    "gameId": 432,
                    "name": "Exploration",
                    "slug": "exploration",
                    "url": "https://www.curseforge.com/minecraft/modpacks/exploration",
                    "iconUrl": "https://media.forgecdn.net/avatars/14/486/635596815896417213.png",
                    "dateModified": "2015-02-16T17:06:29.69Z",
                    "isClass": false,
                    "classId": 4471,
                    "parentCategoryId": 4471
                }
            ],
            "classId": 4471,
            "authors": [
                {
                    "id": 105475694,
                    "name": "high_almeida9126013",
                    "url": "https://www.curseforge.com/members/high_almeida9126013"
                }
            ],
            "logo": {
                "id": 967526,
                "modId": 991053,
                "title": "638467436497528590.jpeg",
                "description": "",
                "thumbnailUrl": "https://media.forgecdn.net/avatars/thumbnails/967/526/256/256/638467436497528590.jpeg",
                "url": "https://media.forgecdn.net/avatars/967/526/638467436497528590.jpeg"
            },
            "screenshots": [],
            "mainFileId": 5203772,
            "latestFiles": [
                {
                    "id": 5203772,
                    "gameId": 432,
                    "modId": 991053,
                    "isAvailable": true,
                    "displayName": "a simply magical exploration-1.0.zip",
                    "fileName": "a simply magical exploration-1.0.zip",
                    "releaseType": 1,
                    "fileStatus": 4,
                    "hashes": [
                        {
                            "value": "ebed8bd077571f71180f8d2f45bcad7ec467a4cd",
                            "algo": 1
                        },
                        {
                            "value": "c1f161cb052878c98e71f1e9937d4362",
                            "algo": 2
                        }
                    ],
                    "fileDate": "2024-03-22T22:34:55.477Z",
                    "fileLength": 193395,
                    "downloadCount": 6,
                    "downloadUrl": "https://edge.forgecdn.net/files/5203/772/a%20simply%20magical%20exploration-1.0.zip",
                    "gameVersions": [
                        "1.20.1",
                        "Forge"
                    ],
                    "sortableGameVersions": [
                        {
                            "gameVersionName": "1.20.1",
                            "gameVersionPadded": "0000000001.0000000020.0000000001",
                            "gameVersion": "1.20.1",
                            "gameVersionReleaseDate": "2023-06-12T14:26:38.477Z",
                            "gameVersionTypeId": 75125
                        },
                        {
                            "gameVersionName": "Forge",
                            "gameVersionPadded": "0",
                            "gameVersion": "",
                            "gameVersionReleaseDate": "2022-10-01T00:00:00Z",
                            "gameVersionTypeId": 68441
                        }
                    ],
                    "dependencies": [],
                    "alternateFileId": 0,
                    "isServerPack": false,
                    "fileFingerprint": 2708599806,
                    "modules": [
                        {
                            "name": "manifest.json",
                            "fingerprint": 2281148937
                        }
                    ]
                }
            ],
            "latestFilesIndexes": [
                {
                    "gameVersion": "1.20.1",
                    "fileId": 5203772,
                    "filename": "a simply magical exploration-1.0.zip",
                    "releaseType": 1,
                    "gameVersionTypeId": 75125,
                    "modLoader": 1
                }
            ],
            "latestEarlyAccessFilesIndexes": [],
            "dateCreated": "2024-03-22T22:34:09.717Z",
            "dateModified": "2024-03-24T11:57:52.877Z",
            "dateReleased": "2024-03-22T22:34:55.477Z",
            "allowModDistribution": true,
            "gamePopularityRank": 999999,
            "isAvailable": true,
            "thumbsUpCount": 0
        },
        {
            "id": 988996,
            "gameId": 432,
            "name": "A Small Custom collection  V.2",
            "slug": "a-small-custom-collection-v-2",
            "links": {
                "websiteUrl": "https://www.curseforge.com/minecraft/modpacks/a-small-custom-collection-v-2",
                "wikiUrl": "",
                "issuesUrl": null,
                "sourceUrl": null
            },
            "summary": "Interesting diverse world with alot to do",
            "status": 4,
            "downloadCount": 17,
            "isFeatured": false,
            "primaryCategoryId": 4476,
            "categories": [
                {
                    "id": 5128,
                    "gameId": 432,
                    "name": "Vanilla+",
                    "slug": "vanilla",
                    "url": "https://www.curseforge.com/minecraft/modpacks/vanilla",
                    "iconUrl": "https://media.forgecdn.net/avatars/451/388/637713564446392425.png",
                    "dateModified": "2021-11-01T09:40:44.687Z",
                    "isClass": false,
                    "classId": 4471,
                    "parentCategoryId": 4471
                },
                {
                    "id": 4482,
                    "gameId": 432,
                    "name": "Extra Large",
                    "slug": "extra-large",
                    "url": "https://www.curseforge.com/minecraft/modpacks/extra-large",
                    "iconUrl": "https://media.forgecdn.net/avatars/14/472/635596760403562826.png",
                    "dateModified": "2015-02-16T15:34:00.357Z",
                    "isClass": false,
                    "classId": 4471,
                    "parentCategoryId": 4471
                },
                {
                    "id": 4472,
                    "gameId": 432,
                    "name": "Tech",
                    "slug": "tech",
                    "url": "https://www.curseforge.com/minecraft/modpacks/tech",
                    "iconUrl": "https://media.forgecdn.net/avatars/14/479/635596761534662757.png",
                    "dateModified": "2015-02-16T15:35:53.467Z",
                    "isClass": false,
                    "classId": 4471,
                    "parentCategoryId": 4471
                },
                {
                    "id": 4476,
                    "gameId": 432,
                    "name": "Exploration",
                    "slug": "exploration",
                    "url": "https://www.curseforge.com/minecraft/modpacks/exploration",
                    "iconUrl": "https://media.forgecdn.net/avatars/14/486/635596815896417213.png",
                    "dateModified": "2015-02-16T17:06:29.69Z",
                    "isClass": false,
                    "classId": 4471,
                    "parentCategoryId": 4471
                }
            ],
            "classId": 4471,
            "authors": [
                {
                    "id": 105912538,
                    "name": "noobcat170",
                    "url": "https://www.curseforge.com/members/noobcat170"
                }
            ],
            "logo": {
                "id": 965594,
                "modId": 988996,
                "title": "638464463649980978.jpeg",
                "description": "",
                "thumbnailUrl": "https://media.forgecdn.net/avatars/thumbnails/965/594/256/256/638464463649980978.jpeg",
                "url": "https://media.forgecdn.net/avatars/965/594/638464463649980978.jpeg"
            },
            "screenshots": [],
            "mainFileId": 5192481,
            "latestFiles": [
                {
                    "id": 5192481,
                    "gameId": 432,
                    "modId": 988996,
                    "isAvailable": true,
                    "displayName": "A Small Custom Mockpack V.2",
                    "fileName": "Better MC.zip",
                    "releaseType": 1,
                    "fileStatus": 4,
                    "hashes": [
                        {
                            "value": "a3845b47d1ae623c14a5875423888c9a677206d6",
                            "algo": 1
                        },
                        {
                            "value": "1bbec8a4f6fda5fd51316023816e5eaf",
                            "algo": 2
                        }
                    ],
                    "fileDate": "2024-03-18T15:26:19.127Z",
                    "fileLength": 53065,
                    "downloadCount": 8,
                    "downloadUrl": "https://edge.forgecdn.net/files/5192/481/Better%20MC.zip",
                    "gameVersions": [
                        "Fabric",
                        "1.20.1"
                    ],
                    "sortableGameVersions": [
                        {
                            "gameVersionName": "Fabric",
                            "gameVersionPadded": "0",
                            "gameVersion": "",
                            "gameVersionReleaseDate": "2022-09-01T00:00:00Z",
                            "gameVersionTypeId": 68441
                        },
                        {
                            "gameVersionName": "1.20.1",
                            "gameVersionPadded": "0000000001.0000000020.0000000001",
                            "gameVersion": "1.20.1",
                            "gameVersionReleaseDate": "2023-06-12T14:26:38.477Z",
                            "gameVersionTypeId": 75125
                        }
                    ],
                    "dependencies": [],
                    "alternateFileId": 0,
                    "isServerPack": false,
                    "fileFingerprint": 3495325960,
                    "modules": [
                        {
                            "name": "manifest.json",
                            "fingerprint": 3209966055
                        }
                    ]
                }
            ],
            "latestFilesIndexes": [
                {
                    "gameVersion": "1.20.1",
                    "fileId": 5192481,
                    "filename": "Better MC.zip",
                    "releaseType": 1,
                    "gameVersionTypeId": 75125,
                    "modLoader": 4
                }
            ],
            "latestEarlyAccessFilesIndexes": [],
            "dateCreated": "2024-03-18T15:24:55.927Z",
            "dateModified": "2024-03-19T12:26:28.927Z",
            "dateReleased": "2024-03-18T15:26:19.127Z",
            "allowModDistribution": true,
            "gamePopularityRank": 999999,
            "isAvailable": true,
            "thumbsUpCount": 0
        },
        {
            "id": 964232,
            "gameId": 432,
            "name": "A Song of Change",
            "slug": "a-song-of-change",
            "links": {
                "websiteUrl": "https://www.curseforge.com/minecraft/modpacks/a-song-of-change",
                "wikiUrl": null,
                "issuesUrl": null,
                "sourceUrl": null
            },
            "summary": "A RPG modpack based around Exploration Creatures, Dungeons, and a Class and Skill System.",
            "status": 4,
            "downloadCount": 54,
            "isFeatured": false,
            "primaryCategoryId": 4475,
            "categories": [
                {
                    "id": 4483,
                    "gameId": 432,
                    "name": "Combat / PvP",
                    "slug": "combat-pvp",
                    "url": "https://www.curseforge.com/minecraft/modpacks/combat-pvp",
                    "iconUrl": "https://media.forgecdn.net/avatars/14/313/635591779575605594.png",
                    "dateModified": "2015-02-10T21:12:37.56Z",
                    "isClass": false,
                    "classId": 4471,
                    "parentCategoryId": 4471
                },
                {
                    "id": 4475,
                    "gameId": 432,
                    "name": "Adventure and RPG",
                    "slug": "adventure-and-rpg",
                    "url": "https://www.curseforge.com/minecraft/modpacks/adventure-and-rpg",
                    "iconUrl": "https://media.forgecdn.net/avatars/14/480/635596775049811800.png",
                    "dateModified": "2015-02-16T15:58:24.98Z",
                    "isClass": false,
                    "classId": 4471,
                    "parentCategoryId": 4471
                },
                {
                    "id": 4473,
                    "gameId": 432,
                    "name": "Magic",
                    "slug": "magic",
                    "url": "https://www.curseforge.com/minecraft/modpacks/magic",
                    "iconUrl": "https://media.forgecdn.net/avatars/14/474/635596760578719019.png",
                    "dateModified": "2015-02-16T15:34:17.873Z",
                    "isClass": false,
                    "classId": 4471,
                    "parentCategoryId": 4471
                },
                {
                    "id": 4476,
                    "gameId": 432,
                    "name": "Exploration",
                    "slug": "exploration",
                    "url": "https://www.curseforge.com/minecraft/modpacks/exploration",
                    "iconUrl": "https://media.forgecdn.net/avatars/14/486/635596815896417213.png",
                    "dateModified": "2015-02-16T17:06:29.69Z",
                    "isClass": false,
                    "classId": 4471,
                    "parentCategoryId": 4471
                }
            ],
            "classId": 4471,
            "authors": [
                {
                    "id": 102012524,
                    "name": "Fabulously_Terrible",
                    "url": "https://www.curseforge.com/members/fabulously_terrible"
                }
            ],
            "logo": {
                "id": 935781,
                "modId": 964232,
                "title": "638412850363425844.png",
                "description": "",
                "thumbnailUrl": "https://media.forgecdn.net/avatars/thumbnails/935/781/256/256/638412850363425844.png",
                "url": "https://media.forgecdn.net/avatars/935/781/638412850363425844.png"
            },
            "screenshots": [],
            "mainFileId": 5045775,
            "latestFiles": [
                {
                    "id": 5045775,
                    "gameId": 432,
                    "modId": 964232,
                    "isAvailable": true,
                    "displayName": "Beta 0.1",
                    "fileName": "A Song of Change-0.1.zip",
                    "releaseType": 2,
                    "fileStatus": 4,
                    "hashes": [
                        {
                            "value": "72263a617301f5d03e70e4b1c2bb687d3977f3d2",
                            "algo": 1
                        },
                        {
                            "value": "3677477b9e165f63a5dad20c41a00004",
                            "algo": 2
                        }
                    ],
                    "fileDate": "2024-01-19T18:23:09.597Z",
                    "fileLength": 34425572,
                    "downloadCount": 5,
                    "downloadUrl": null,
                    "gameVersions": [
                        "1.20.1",
                        "Forge"
                    ],
                    "sortableGameVersions": [
                        {
                            "gameVersionName": "1.20.1",
                            "gameVersionPadded": "0000000001.0000000020.0000000001",
                            "gameVersion": "1.20.1",
                            "gameVersionReleaseDate": "2023-06-12T14:26:38.477Z",
                            "gameVersionTypeId": 75125
                        },
                        {
                            "gameVersionName": "Forge",
                            "gameVersionPadded": "0",
                            "gameVersion": "",
                            "gameVersionReleaseDate": "2022-10-01T00:00:00Z",
                            "gameVersionTypeId": 68441
                        }
                    ],
                    "dependencies": [],
                    "alternateFileId": 0,
                    "isServerPack": false,
                    "fileFingerprint": 4123911309,
                    "modules": [
                        {
                            "name": "manifest.json",
                            "fingerprint": 2615185390
                        }
                    ]
                }
            ],
            "latestFilesIndexes": [
                {
                    "gameVersion": "1.20.1",
                    "fileId": 5045775,
                    "filename": "A Song of Change-0.1.zip",
                    "releaseType": 2,
                    "gameVersionTypeId": 75125,
                    "modLoader": 1
                }
            ],
            "latestEarlyAccessFilesIndexes": [],
            "dateCreated": "2024-01-19T18:17:16.307Z",
            "dateModified": "2024-01-21T12:56:14.727Z",
            "dateReleased": "2024-01-19T18:23:09.597Z",
            "allowModDistribution": false,
            "gamePopularityRank": 999999,
            "isAvailable": true,
            "thumbsUpCount": 0
        }
    ],
    "pagination": {
        "index": 0,
        "pageSize": 10,
        "resultCount": 10,
        "totalCount": 145129
    }
}