{
    "data": [
        {
            "id": 992012,
            "gameId": 432,
            "name": "Fun++ (With Guns and Security Craft)",
            "slug": "fun-with-guns-and-e4mc",
            "links": {
                "websiteUrl": "https://www.curseforge.com/minecraft/modpacks/fun-with-guns-and-e4mc",
                "wikiUrl": "",
                "issuesUrl": null,
                "sourceUrl": null
            },
            "summary": "A Minecraft Modpack with shaders texture packs and MrCrayfishes Gun Mod for the most fun",
            "status": 4,
            "downloadCount": 9,
            "isFeatured": false,
            "primaryCategoryId": 5128,
            "categories": [
                {
                    "id": 5128,
                    "gameId": 432,
                    "name": "Vanilla+",
                    "slug": "vanilla",
                    "url": "https://www.curseforge.com/minecraft/modpacks/vanilla",
                    "iconUrl": "https://media.forgecdn.net/avatars/451/388/637713564446392425.png",
                    "dateModified": "2021-11-01T09:40:44.687Z",
                    "isClass": false,
                    "classId": 4471,
                    "parentCategoryId": 4471
                },
                {
                    "id": 4483,
                    "gameId": 432,
                    "name": "Combat / PvP",
                    "slug": "combat-pvp",
                    "url": "https://www.curseforge.com/minecraft/modpacks/combat-pvp",
                    "iconUrl": "https://media.forgecdn.net/avatars/14/313/635591779575605594.png",
                    "dateModified": "2015-02-10T21:12:37.56Z",
                    "isClass": false,
                    "classId": 4471,
                    "parentCategoryId": 4471
                },
                {
                    "id": 4484,
                    "gameId": 432,
                    "name": "Multiplayer",
                    "slug": "multiplayer",
                    "url": "https://www.curseforge.com/minecraft/modpacks/multiplayer",
                    "iconUrl": "https://media.forgecdn.net/avatars/14/481/635596792838491141.png",
                    "dateModified": "2015-02-16T16:28:03.85Z",
                    "isClass": false,
                    "classId": 4471,
                    "parentCategoryId": 4471
                }
            ],
            "classId": 4471,
            "authors": [
                {
                    "id": 106002438,
                    "name": "Itswolfcity811",
                    "url": "https://www.curseforge.com/members/itswolfcity811"
                }
            ],
            "logo": {
                "id": 968624,
                "modId": 992012,
                "title": "638469012453920197.png",
                "description": "",
                "thumbnailUrl": "https://media.forgecdn.net/avatars/thumbnails/968/624/256/256/638469012453920197.png",
                "url": "https://media.forgecdn.net/avatars/968/624/638469012453920197.png"
            },
            "screenshots": [],
            "mainFileId": 5208865,
            "latestFiles": [
                {
                    "id": 5208519,
                    "gameId": 432,
                    "modId": 992012,
                    "isAvailable": true,
                    "displayName": "1.19.4",
                    "fileName": "Fun++.zip",
                    "releaseType": 2,
                    "fileStatus": 4,
                    "hashes": [
                        {
                            "value": "a7071c6933543381296c4f218da9c92091824c9d",
                            "algo": 1
                        },
                        {
                            "value": "5181f3ab64c0cbcdc936f90f278c19d8",
                            "algo": 2
                        }
                    ],
                    "fileDate": "2024-03-24T18:22:32.317Z",
                    "fileLength": 25017,
                    "downloadCount": 2,
                    "downloadUrl": "https://edge.forgecdn.net/files/5208/519/Fun%2b%2b.zip",
                    "gameVersions": [
                        "1.19.4",
                        "Forge"
                    ],
                    "sortableGameVersions": [
                        {
                            "gameVersionName": "1.19.4",
                            "gameVersionPadded": "0000000001.0000000019.0000000004",
                            "gameVersion": "1.19.4",
                            "gameVersionReleaseDate": "2023-03-09T00:00:00Z",
                            "gameVersionTypeId": 73407
                        },
                        {
                            "gameVersionName": "Forge",
                            "gameVersionPadded": "0",
                            "gameVersion": "",
                            "gameVersionReleaseDate": "2022-10-01T00:00:00Z",
                            "gameVersionTypeId": 68441
                        }
                    ],
                    "dependencies": [],
                    "alternateFileId": 0,
                    "isServerPack": false,
                    "fileFingerprint": 2125643254,
                    "modules": [
                        {
                            "name": "manifest.json",
                            "fingerprint": 2981942941
                        }
                    ]
                },
                {
                    "id": 5208865,
                    "gameId": 432,
                    "modId": 992012,
                    "isAvailable": true,
                    "displayName": "Fun++.zip",
                    "fileName": "Fun++.zip",
                    "releaseType": 1,
                    "fileStatus": 4,
                    "hashes": [
                        {
                            "value": "1a26b032da9c1023b97ff7c164b6a571a6cdffc8",
                            "algo": 1
                        },
                        {
                            "value": "5ce40eae4fed8a20544cd087d7f1b84f",
                            "algo": 2
                        }
                    ],
                    "fileDate": "2024-03-24T20:57:52.483Z",
                    "fileLength": 25452,
                    "downloadCount": 11,
                    "downloadUrl": "https://edge.forgecdn.net/files/5208/865/Fun%2b%2b.zip",
                    "gameVersions": [
                        "1.19.4",
                        "Forge"
                    ],
                    "sortableGameVersions": [
                        {
                            "gameVersionName": "1.19.4",
                            "gameVersionPadded": "0000000001.0000000019.0000000004",
                            "gameVersion": "1.19.4",
                            "gameVersionReleaseDate": "2023-03-09T00:00:00Z",
                            "gameVersionTypeId": 73407
                        },
                        {
                            "gameVersionName": "Forge",
                            "gameVersionPadded": "0",
                            "gameVersion": "",
                            "gameVersionReleaseDate": "2022-10-01T00:00:00Z",
                            "gameVersionTypeId": 68441
                        }
                    ],
                    "dependencies": [],
                    "alternateFileId": 0,
                    "isServerPack": false,
                    "fileFingerprint": 2993128387,
                    "modules": [
                        {
                            "name": "manifest.json",
                            "fingerprint": 669753040
                        }
                    ]
                }
            ],
            "latestFilesIndexes": [
                {
                    "gameVersion": "1.19.4",
                    "fileId": 5208865,
                    "filename": "Fun++.zip",
                    "releaseType": 1,
                    "gameVersionTypeId": 73407,
                    "modLoader": 1
                },
                {
                    "gameVersion": "1.19.4",
                    "fileId": 5208519,
                    "filename": "Fun++.zip",
                    "releaseType": 2,
                    "gameVersionTypeId": 73407,
                    "modLoader": 1
                }
            ],
            "latestEarlyAccessFilesIndexes": [],
            "dateCreated": "2024-03-24T18:20:45.36Z",
            "dateModified": "2024-03-25T09:04:18.507Z",
            "dateReleased": "2024-03-24T20:57:52.483Z",
            "allowModDistribution": true,
            "gamePopularityRank": 999999,
            "isAvailable": true,
            "thumbsUpCount": 0
        },
        {
            "id": 923635,
            "gameId": 432,
            "name": "Guns 'n Dungeons",
            "slug": "guns-n-dungeons",
            "links": {
                "websiteUrl": "https://www.curseforge.com/minecraft/modpacks/guns-n-dungeons",
                "wikiUrl": null,
                "issuesUrl": null,
                "sourceUrl": null
            },
            "summary": "Turn Minecraft into a dungeon crawler FPS!",
            "status": 4,
            "downloadCount": 171,
            "isFeatured": false,
            "primaryCategoryId": 4475,
            "categories": [
                {
                    "id": 4483,
                    "gameId": 432,
                    "name": "Combat / PvP",
                    "slug": "combat-pvp",
                    "url": "https://www.curseforge.com/minecraft/modpacks/combat-pvp",
                    "iconUrl": "https://media.forgecdn.net/avatars/14/313/635591779575605594.png",
                    "dateModified": "2015-02-10T21:12:37.56Z",
                    "isClass": false,
                    "classId": 4471,
                    "parentCategoryId": 4471
                },
                {
                    "id": 4475,
                    "gameId": 432,
                    "name": "Adventure and RPG",
                    "slug": "adventure-and-rpg",
                    "url": "https://www.curseforge.com/minecraft/modpacks/adventure-and-rpg",
                    "iconUrl": "https://media.forgecdn.net/avatars/14/480/635596775049811800.png",
                    "dateModified": "2015-02-16T15:58:24.98Z",
                    "isClass": false,
                    "classId": 4471,
                    "parentCategoryId": 4471
                },
                {
                    "id": 4476,
                    "gameId": 432,
                    "name": "Exploration",
                    "slug": "exploration",
                    "url": "https://www.curseforge.com/minecraft/modpacks/exploration",
                    "iconUrl": "https://media.forgecdn.net/avatars/14/486/635596815896417213.png",
                    "dateModified": "2015-02-16T17:06:29.69Z",
                    "isClass": false,
                    "classId": 4471,
                    "parentCategoryId": 4471
                },
                {
                    "id": 5128,
                    "gameId": 432,
                    "name": "Vanilla+",
                    "slug": "vanilla",
                    "url": "https://www.curseforge.com/minecraft/modpacks/vanilla",
                    "iconUrl": "https://media.forgecdn.net/avatars/451/388/637713564446392425.png",
                    "dateModified": "2021-11-01T09:40:44.687Z",
                    "isClass": false,
                    "classId": 4471,
                    "parentCategoryId": 4471
                }
            ],
            "classId": 4471,
            "authors": [
                {
                    "id": 100836371,
                    "name": "x2_twotime",
                    "url": "https://www.curseforge.com/members/x2_twotime"
                }
            ],
            "logo": {
                "id": 889987,
                "modId": 923635,
                "title": "638330036139530884.png",
                "description": "",
                "thumbnailUrl": "https://media.forgecdn.net/avatars/thumbnails/889/987/256/256/638330036139530884.png",
                "url": "https://media.forgecdn.net/avatars/889/987/638330036139530884.png"
            },
            "screenshots": [],
            "mainFileId": 4800751,
            "latestFiles": [
                {
                    "id": 4800751,
                    "gameId": 432,
                    "modId": 923635,
                    "isAvailable": true,
                    "displayName": "Guns 'n Dungeons.zip",
                    "fileName": "Guns 'n Dungeons.zip",
                    "releaseType": 1,
                    "fileStatus": 4,
                    "hashes": [
                        {
                            "value": "3671f99e8ad3cb7273fbf7c76c0373d2a991c2a4",
                            "algo": 1
                        },
                        {
                            "value": "3d2a106410827f385388b21e8d1a3960",
                            "algo": 2
                        }
                    ],
                    "fileDate": "2023-10-15T21:54:42.433Z",
                    "fileLength": 4098193,
                    "downloadCount": 5,
                    "downloadUrl": "https://edge.forgecdn.net/files/4800/751/Guns 'n Dungeons.zip",
                    "gameVersions": [
                        "1.16.5",
                        "Forge"
                    ],
                    "sortableGameVersions": [
                        {
                            "gameVersionName": "1.16.5",
                            "gameVersionPadded": "0000000001.0000000016.0000000005",
                            "gameVersion": "1.16.5",
                            "gameVersionReleaseDate": "2021-01-15T14:14:48.91Z",
                            "gameVersionTypeId": 70886
                        },
                        {
                            "gameVersionName": "Forge",
                            "gameVersionPadded": "0",
                            "gameVersion": "",
                            "gameVersionReleaseDate": "2022-10-01T00:00:00Z",
                            "gameVersionTypeId": 68441
                        }
                    ],
                    "dependencies": [],
                    "alternateFileId": 0,
                    "isServerPack": false,
                    "fileFingerprint": 2099647331,
                    "modules": [
                        {
                            "name": "manifest.json",
                            "fingerprint": 100888896
                        }
                    ]
                }
            ],
            "latestFilesIndexes": [
                {
                    "gameVersion": "1.16.5",
                    "fileId": 4800751,
                    "filename": "Guns 'n Dungeons.zip",
                    "releaseType": 1,
                    "gameVersionTypeId": 70886,
                    "modLoader": 1
                }
            ],
            "latestEarlyAccessFilesIndexes": [],
            "dateCreated": "2023-10-15T21:53:33.873Z",
            "dateModified": "2023-10-16T12:34:55.907Z",
            "dateReleased": "2023-10-15T21:54:42.433Z",
            "allowModDistribution": true,
            "gamePopularityRank": 999999,
            "isAvailable": true,
            "thumbsUpCount": 0
        },
        {
            "id": 929773,
            "gameId": 432,
            "name": "Guns and Craziness Mod Pack",
            "slug": "guns-and-craziness-mod-pack",
            "links": {
                "websiteUrl": "https://www.curseforge.com/minecraft/modpacks/guns-and-craziness-mod-pack",
                "wikiUrl": null,
                "issuesUrl": null,
                "sourceUrl": null
            },
            "summary": "A mod pack that includes hundreds of new mobs, realistic guns, mutant mobs, tons of new structures, and biomes!",
            "status": 4,
            "downloadCount": 63,
            "isFeatured": false,
            "primaryCategoryId": 4475,
            "categories": [
                {
                    "id": 4475,
                    "gameId": 432,
                    "name": "Adventure and RPG",
                    "slug": "adventure-and-rpg",
                    "url": "https://www.curseforge.com/minecraft/modpacks/adventure-and-rpg",
                    "iconUrl": "https://media.forgecdn.net/avatars/14/480/635596775049811800.png",
                    "dateModified": "2015-02-16T15:58:24.98Z",
                    "isClass": false,
                    "classId": 4471,
                    "parentCategoryId": 4471
                },
                {
                    "id": 4483,
                    "gameId": 432,
                    "name": "Combat / PvP",
                    "slug": "combat-pvp",
                    "url": "https://www.curseforge.com/minecraft/modpacks/combat-pvp",
                    "iconUrl": "https://media.forgecdn.net/avatars/14/313/635591779575605594.png",
                    "dateModified": "2015-02-10T21:12:37.56Z",
                    "isClass": false,
                    "classId": 4471,
                    "parentCategoryId": 4471
                }
            ],
            "classId": 4471,
            "authors": [
                {
                    "id": 105738668,
                    "name": "robertoasti",
                    "url": "https://www.curseforge.com/members/robertoasti"
                }
            ],
            "logo": {
                "id": 897111,
                "modId": 929773,
                "title": "638342167512004374.jpeg",
                "description": "",
                "thumbnailUrl": "https://media.forgecdn.net/avatars/thumbnails/897/111/256/256/638342167512004374.jpeg",
                "url": "https://media.forgecdn.net/avatars/897/111/638342167512004374.jpeg"
            },
            "screenshots": [],
            "mainFileId": 4827263,
            "latestFiles": [
                {
                    "id": 4827263,
                    "gameId": 432,
                    "modId": 929773,
                    "isAvailable": true,
                    "displayName": "Guns and Craziness Mod Pack",
                    "fileName": "Guns and Craziness Mod Pack.zip",
                    "releaseType": 1,
                    "fileStatus": 4,
                    "hashes": [
                        {
                            "value": "30247e306d04e82dab719b05fa2ef4c438d3d8bf",
                            "algo": 1
                        },
                        {
                            "value": "75f2efeaa5a356f6afba2aaf6262f2a2",
                            "algo": 2
                        }
                    ],
                    "fileDate": "2023-10-30T19:44:40.103Z",
                    "fileLength": 10705476,
                    "downloadCount": 0,
                    "downloadUrl": "https://edge.forgecdn.net/files/4827/263/Guns and Craziness Mod Pack.zip",
                    "gameVersions": [
                        "1.16.5",
                        "Forge"
                    ],
                    "sortableGameVersions": [
                        {
                            "gameVersionName": "1.16.5",
                            "gameVersionPadded": "0000000001.0000000016.0000000005",
                            "gameVersion": "1.16.5",
                            "gameVersionReleaseDate": "2021-01-15T14:14:48.91Z",
                            "gameVersionTypeId": 70886
                        },
                        {
                            "gameVersionName": "Forge",
                            "gameVersionPadded": "0",
                            "gameVersion": "",
                            "gameVersionReleaseDate": "2022-10-01T00:00:00Z",
                            "gameVersionTypeId": 68441
                        }
                    ],
                    "dependencies": [],
                    "alternateFileId": 0,
                    "isServerPack": false,
                    "fileFingerprint": 3806768718,
                    "modules": [
                        {
                            "name": "manifest.json",
                            "fingerprint": 1473107
                        }
                    ]
                }
            ],
            "latestFilesIndexes": [
                {
                    "gameVersion": "1.16.5",
                    "fileId": 4827263,
                    "filename": "Guns and Craziness Mod Pack.zip",
                    "releaseType": 1,
                    "gameVersionTypeId": 70886,
                    "modLoader": 1
                }
            ],
            "latestEarlyAccessFilesIndexes": [],
            "dateCreated": "2023-10-29T22:52:31.177Z",
            "dateModified": "2023-10-30T19:50:15.447Z",
            "dateReleased": "2023-10-30T19:44:40.103Z",
            "allowModDistribution": true,
            "gamePopularityRank": 999999,
            "isAvailable": true,
            "thumbsUpCount": 0
        },
        {
            "id": 973154,
            "gameId": 432,
            "name": "Guns n' Chess",
            "slug": "guns-n-chess",
            "links": {
                "websiteUrl": "https://www.curseforge.com/minecraft/modpacks/guns-n-chess",
                "wikiUrl": null,
                "issuesUrl": null,
                "sourceUrl": null
            },
            "summary": "A Modpack made for pvp and a lil bit oh' Chess",
            "status": 4,
            "downloadCount": 67,
            "isFeatured": false,
            "primaryCategoryId": 4472,
            "categories": [
                {
                    "id": 4483,
                    "gameId": 432,
                    "name": "Combat / PvP",
                    "slug": "combat-pvp",
                    "url": "https://www.curseforge.com/minecraft/modpacks/combat-pvp",
                    "iconUrl": "https://media.forgecdn.net/avatars/14/313/635591779575605594.png",
                    "dateModified": "2015-02-10T21:12:37.56Z",
                    "isClass": false,
                    "classId": 4471,
                    "parentCategoryId": 4471
                },
                {
                    "id": 4484,
                    "gameId": 432,
                    "name": "Multiplayer",
                    "slug": "multiplayer",
                    "url": "https://www.curseforge.com/minecraft/modpacks/multiplayer",
                    "iconUrl": "https://media.forgecdn.net/avatars/14/481/635596792838491141.png",
                    "dateModified": "2015-02-16T16:28:03.85Z",
                    "isClass": false,
                    "classId": 4471,
                    "parentCategoryId": 4471
                },
                {
                    "id": 4477,
                    "gameId": 432,
                    "name": "Mini Game",
                    "slug": "mini-game",
                    "url": "https://www.curseforge.com/minecraft/modpacks/mini-game",
                    "iconUrl": "https://media.forgecdn.net/avatars/15/517/635627406184649114.png",
                    "dateModified": "2015-03-24T01:50:18.513Z",
                    "isClass": false,
                    "classId": 4471,
                    "parentCategoryId": 4471
                },
                {
                    "id": 4472,
                    "gameId": 432,
                    "name": "Tech",
                    "slug": "tech",
                    "url": "https://www.curseforge.com/minecraft/modpacks/tech",
                    "iconUrl": "https://media.forgecdn.net/avatars/14/479/635596761534662757.png",
                    "dateModified": "2015-02-16T15:35:53.467Z",
                    "isClass": false,
                    "classId": 4471,
                    "parentCategoryId": 4471
                }
            ],
            "classId": 4471,
            "authors": [
                {
                    "id": 103925078,
                    "name": "Hexes9000",
                    "url": "https://www.curseforge.com/members/hexes9000"
                }
            ],
            "logo": {
                "id": 946322,
                "modId": 973154,
                "title": "638432010910090253.png",
                "description": "",
                "thumbnailUrl": "https://media.forgecdn.net/avatars/thumbnails/946/322/256/256/638432010910090253.png",
                "url": "https://media.forgecdn.net/avatars/946/322/638432010910090253.png"
            },
            "screenshots": [],
            "mainFileId": 5103554,
            "latestFiles": [
                {
                    "id": 5103554,
                    "gameId": 432,
                    "modId": 973154,
                    "isAvailable": true,
                    "displayName": "Guns n' Chess - V2",
                    "fileName": "Guns n' Chess.zip",
                    "releaseType": 1,
                    "fileStatus": 4,
                    "hashes": [
                        {
                            "value": "f0aae31ac3cfcdaecced03aa5d9747ef728105e2",
                            "algo": 1
                        },
                        {
                            "value": "b197e19719ee0770ce6a2ea99cc81248",
                            "algo": 2
                        }
                    ],
                    "fileDate": "2024-02-13T01:22:56.343Z",
                    "fileLength": 127215258,
                    "downloadCount": 13,
                    "downloadUrl": null,
                    "gameVersions": [
                        "1.16.5",
                        "Forge"
                    ],
                    "sortableGameVersions": [
                        {
                            "gameVersionName": "1.16.5",
                            "gameVersionPadded": "0000000001.0000000016.0000000005",
                            "gameVersion": "1.16.5",
                            "gameVersionReleaseDate": "2021-01-15T14:14:48.91Z",
                            "gameVersionTypeId": 70886
                        },
                        {
                            "gameVersionName": "Forge",
                            "gameVersionPadded": "0",
                            "gameVersion": "",
                            "gameVersionReleaseDate": "2022-10-01T00:00:00Z",
                            "gameVersionTypeId": 68441
                        }
                    ],
                    "dependencies": [],
                    "alternateFileId": 0,
                    "isServerPack": false,
                    "fileFingerprint": 855720946,
                    "modules": [
                        {
                            "name": "manifest.json",
                            "fingerprint": 2815568589
                        }
                    ]
                }
            ],
            "latestFilesIndexes": [
                {
                    "gameVersion": "1.16.5",
                    "fileId": 5103554,
                    "filename": "Guns n' Chess.zip",
                    "releaseType": 1,
                    "gameVersionTypeId": 70886,
                    "modLoader": 1
                }
            ],
            "latestEarlyAccessFilesIndexes": [],
            "dateCreated": "2024-02-10T22:31:30.953Z",
            "dateModified": "2024-02-13T01:34:29.237Z",
            "dateReleased": "2024-02-13T01:22:56.343Z",
            "allowModDistribution": false,
            "gamePopularityRank": 999999,
            "isAvailable": true,
            "thumbsUpCount": 0
        },
        {
            "id": 976883,
            "gameId": 432,
            "name": "Military Guns",
            "slug": "military-guns",
            "links": {
                "websiteUrl": "https://www.curseforge.com/minecraft/mc-mods/military-guns",
                "wikiUrl": null,
                "issuesUrl": null,
                "sourceUrl": null
            },
            "summary": "Guns! Guns! Guns! Add guns to your Minecraft world and make that world the best.",
            "status": 4,
            "downloadCount": 659,
            "isFeatured": false,
            "primaryCategoryId": 426,
            "categories": [
                {
                    "id": 426,
                    "gameId": 432,
                    "name": "Addons",
                    "slug": "mc-addons",
                    "url": "https://www.curseforge.com/minecraft/mc-mods/mc-addons",
                    "iconUrl": "https://media.forgecdn.net/avatars/5/998/635351477886290676.png",
                    "dateModified": "2014-05-08T17:09:48.63Z",
                    "isClass": false,
                    "classId": 6,
                    "parentCategoryId": 6
                },
                {
                    "id": 434,
                    "gameId": 432,
                    "name": "Armor, Tools, and Weapons",
                    "slug": "armor-weapons-tools",
                    "url": "https://www.curseforge.com/minecraft/mc-mods/armor-weapons-tools",
                    "iconUrl": "https://media.forgecdn.net/avatars/6/47/635351498790409758.png",
                    "dateModified": "2014-05-08T17:44:39.057Z",
                    "isClass": false,
                    "classId": 6,
                    "parentCategoryId": 6
                }
            ],
            "classId": 6,
            "authors": [
                {
                    "id": 107498657,
                    "name": "shailen2022",
                    "url": "https://www.curseforge.com/members/shailen2022"
                }
            ],
            "logo": {
                "id": 950695,
                "modId": 976883,
                "title": "638439539302732147.png",
                "description": "",
                "thumbnailUrl": "https://media.forgecdn.net/avatars/thumbnails/950/695/256/256/638439539302732147.png",
                "url": "https://media.forgecdn.net/avatars/950/695/638439539302732147.png"
            },
            "screenshots": [],
            "mainFileId": 5120841,
            "latestFiles": [
                {
                    "id": 5120841,
                    "gameId": 432,
                    "modId": 976883,
                    "isAvailable": true,
                    "displayName": "military mods.jar",
                    "fileName": "military mods.jar",
                    "releaseType": 1,
                    "fileStatus": 4,
                    "hashes": [
                        {
                            "value": "b2ffaf5307bf92c911f79b3ff16a9817370de9b0",
                            "algo": 1
                        },
                        {
                            "value": "d23d60e4041dc3d008af1fc60f225b9d",
                            "algo": 2
                        }
                    ],
                    "fileDate": "2024-02-19T15:45:01.28Z",
                    "fileLength": 106026,
                    "downloadCount": 31,
                    "downloadUrl": "https://edge.forgecdn.net/files/5120/841/military%20mods.jar",
                    "gameVersions": [
                        "1.19.3",
                        "1.19.4",
                        "Client",
                        "1.19.2",
                        "Forge",
                        "1.19.1",
                        "Server",
                        "1.19"
                    ],
                    "sortableGameVersions": [
                        {
                            "gameVersionName": "1.19.3",
                            "gameVersionPadded": "0000000001.0000000019.0000000003",
                            "gameVersion": "1.19.3",
                            "gameVersionReleaseDate": "2022-10-19T00:00:00Z",
                            "gameVersionTypeId": 73407
                        },
                        {
                            "gameVersionName": "1.19.4",
                            "gameVersionPadded": "0000000001.0000000019.0000000004",
                            "gameVersion": "1.19.4",
                            "gameVersionReleaseDate": "2023-03-09T00:00:00Z",
                            "gameVersionTypeId": 73407
                        },
                        {
                            "gameVersionName": "Client",
                            "gameVersionPadded": "0",
                            "gameVersion": "",
                            "gameVersionReleaseDate": "2022-12-08T00:00:00Z",
                            "gameVersionTypeId": 75208
                        },
                        {
                            "gameVersionName": "1.19.2",
                            "gameVersionPadded": "0000000001.0000000019.0000000002",
                            "gameVersion": "1.19.2",
                            "gameVersionReleaseDate": "2022-08-05T14:12:22.413Z",
                            "gameVersionTypeId": 73407
                        },
                        {
                            "gameVersionName": "Forge",
                            "gameVersionPadded": "0",
                            "gameVersion": "",
                            "gameVersionReleaseDate": "2022-10-01T00:00:00Z",
                            "gameVersionTypeId": 68441
                        },
                        {
                            "gameVersionName": "1.19.1",
                            "gameVersionPadded": "0000000001.0000000019.0000000001",
                            "gameVersion": "1.19.1",
                            "gameVersionReleaseDate": "2022-06-28T00:00:00Z",
                            "gameVersionTypeId": 73407
                        },
                        {
                            "gameVersionName": "Server",
                            "gameVersionPadded": "0",
                            "gameVersion": "",
                            "gameVersionReleaseDate": "2022-12-08T00:00:00Z",
                            "gameVersionTypeId": 75208
                        },
                        {
                            "gameVersionName": "1.19",
                            "gameVersionPadded": "0000000001.0000000019",
                            "gameVersion": "1.19",
                            "gameVersionReleaseDate": "2022-06-07T15:38:07.377Z",
                            "gameVersionTypeId": 73407
                        }
                    ],
                    "dependencies": [],
                    "alternateFileId": 0,
                    "isServerPack": false,
                    "fileFingerprint": 4089314826,
                    "modules": [
                        {
                            "name": "META-INF",
                            "fingerprint": 3764934700
                        },
                        {
                            "name": "assets",
                            "fingerprint": 2367048072
                        },
                        {
                            "name": "data",
                            "fingerprint": 2995427278
                        },
                        {
                            "name": "net",
                            "fingerprint": 3828029817
                        },
                        {
                            "name": "pack.mcmeta",
                            "fingerprint": 3888393594
                        }
                    ]
                }
            ],
            "latestFilesIndexes": [
                {
                    "gameVersion": "1.19.3",
                    "fileId": 5120841,
                    "filename": "military mods.jar",
                    "releaseType": 1,
                    "gameVersionTypeId": 73407,
                    "modLoader": 1
                },
                {
                    "gameVersion": "1.19.4",
                    "fileId": 5120841,
                    "filename": "military mods.jar",
                    "releaseType": 1,
                    "gameVersionTypeId": 73407,
                    "modLoader": 1
                },
                {
                    "gameVersion": "1.19.2",
                    "fileId": 5120841,
                    "filename": "military mods.jar",
                    "releaseType": 1,
                    "gameVersionTypeId": 73407,
                    "modLoader": 1
                },
                {
                    "gameVersion": "1.19.1",
                    "fileId": 5120841,
                    "filename": "military mods.jar",
                    "releaseType": 1,
                    "gameVersionTypeId": 73407,
                    "modLoader": 1
                },
                {
                    "gameVersion": "1.19",
                    "fileId": 5120841,
                    "filename": "military mods.jar",
                    "releaseType": 1,
                    "gameVersionTypeId": 73407,
                    "modLoader": 1
                }
            ],
            "latestEarlyAccessFilesIndexes": [],
            "dateCreated": "2024-02-19T15:38:50.227Z",
            "dateModified": "2024-02-20T11:05:24.717Z",
            "dateReleased": "2024-02-19T15:45:01.28Z",
            "allowModDistribution": true,
            "gamePopularityRank": 999999,
            "isAvailable": true,
            "thumbsUpCount": 0
        },
        {
            "id": 965034,
            "gameId": 432,
            "name": "Post-apocaliptic world with guns",
            "slug": "post-apocaliptic-world-with-guns",
            "links": {
                "websiteUrl": "https://www.curseforge.com/minecraft/modpacks/post-apocaliptic-world-with-guns",
                "wikiUrl": null,
                "issuesUrl": null,
                "sourceUrl": null
            },
            "summary": "Post-apocaliptic world with guns and create",
            "status": 4,
            "downloadCount": 144,
            "isFeatured": false,
            "primaryCategoryId": 4476,
            "categories": [
                {
                    "id": 4476,
                    "gameId": 432,
                    "name": "Exploration",
                    "slug": "exploration",
                    "url": "https://www.curseforge.com/minecraft/modpacks/exploration",
                    "iconUrl": "https://media.forgecdn.net/avatars/14/486/635596815896417213.png",
                    "dateModified": "2015-02-16T17:06:29.69Z",
                    "isClass": false,
                    "classId": 4471,
                    "parentCategoryId": 4471
                },
                {
                    "id": 4482,
                    "gameId": 432,
                    "name": "Extra Large",
                    "slug": "extra-large",
                    "url": "https://www.curseforge.com/minecraft/modpacks/extra-large",
                    "iconUrl": "https://media.forgecdn.net/avatars/14/472/635596760403562826.png",
                    "dateModified": "2015-02-16T15:34:00.357Z",
                    "isClass": false,
                    "classId": 4471,
                    "parentCategoryId": 4471
                },
                {
                    "id": 4483,
                    "gameId": 432,
                    "name": "Combat / PvP",
                    "slug": "combat-pvp",
                    "url": "https://www.curseforge.com/minecraft/modpacks/combat-pvp",
                    "iconUrl": "https://media.forgecdn.net/avatars/14/313/635591779575605594.png",
                    "dateModified": "2015-02-10T21:12:37.56Z",
                    "isClass": false,
                    "classId": 4471,
                    "parentCategoryId": 4471
                }
            ],
            "classId": 4471,
            "authors": [
                {
                    "id": 107680938,
                    "name": "rettrew",
                    "url": "https://www.curseforge.com/members/rettrew"
                }
            ],
            "logo": {
                "id": 936696,
                "modId": 965034,
                "title": "638414380109194382.png",
                "description": "",
                "thumbnailUrl": "https://media.forgecdn.net/avatars/thumbnails/936/696/256/256/638414380109194382.png",
                "url": "https://media.forgecdn.net/avatars/936/696/638414380109194382.png"
            },
            "screenshots": [],
            "mainFileId": 5052330,
            "latestFiles": [
                {
                    "id": 5052330,
                    "gameId": 432,
                    "modId": 965034,
                    "isAvailable": true,
                    "displayName": "Postapo with guns 1.0.0",
                    "fileName": "postapo-1.0.0.zip",
                    "releaseType": 2,
                    "fileStatus": 4,
                    "hashes": [
                        {
                            "value": "c3495bff10935adfaefb433243954c0810e64578",
                            "algo": 1
                        },
                        {
                            "value": "635fe32c98005b12cd63d6ba647987d7",
                            "algo": 2
                        }
                    ],
                    "fileDate": "2024-01-22T15:04:40.01Z",
                    "fileLength": 928099,
                    "downloadCount": 16,
                    "downloadUrl": "https://edge.forgecdn.net/files/5052/330/postapo-1.0.0.zip",
                    "gameVersions": [
                        "1.20.1",
                        "Forge"
                    ],
                    "sortableGameVersions": [
                        {
                            "gameVersionName": "1.20.1",
                            "gameVersionPadded": "0000000001.0000000020.0000000001",
                            "gameVersion": "1.20.1",
                            "gameVersionReleaseDate": "2023-06-12T14:26:38.477Z",
                            "gameVersionTypeId": 75125
                        },
                        {
                            "gameVersionName": "Forge",
                            "gameVersionPadded": "0",
                            "gameVersion": "",
                            "gameVersionReleaseDate": "2022-10-01T00:00:00Z",
                            "gameVersionTypeId": 68441
                        }
                    ],
                    "dependencies": [],
                    "alternateFileId": 0,
                    "isServerPack": false,
                    "fileFingerprint": 1314131310,
                    "modules": [
                        {
                            "name": "manifest.json",
                            "fingerprint": 2322412592
                        }
                    ]
                }
            ],
            "latestFilesIndexes": [
                {
                    "gameVersion": "1.20.1",
                    "fileId": 5052330,
                    "filename": "postapo-1.0.0.zip",
                    "releaseType": 2,
                    "gameVersionTypeId": 75125,
                    "modLoader": 1
                }
            ],
            "latestEarlyAccessFilesIndexes": [],
            "dateCreated": "2024-01-21T12:46:50.89Z",
            "dateModified": "2024-01-23T14:30:42.293Z",
            "dateReleased": "2024-01-22T15:04:40.01Z",
            "allowModDistribution": true,
            "gamePopularityRank": 999999,
            "isAvailable": true,
            "thumbsUpCount": 0
        },
        {
            "id": 992029,
            "gameId": 432,
            "name": "Simple Animated Guns (Fan Retextured)",
            "slug": "simple-animated-guns-fan-retextured",
            "links": {
                "websiteUrl": "https://www.curseforge.com/minecraft/mc-mods/simple-animated-guns-fan-retextured",
                "wikiUrl": "",
                "issuesUrl": null,
                "sourceUrl": null
            },
            "summary": "given all guns a camo skin",
            "status": 4,
            "downloadCount": 6,
            "isFeatured": false,
            "primaryCategoryId": 424,
            "categories": [
                {
                    "id": 424,
                    "gameId": 432,
                    "name": "Cosmetic",
                    "slug": "cosmetic",
                    "url": "https://www.curseforge.com/minecraft/mc-mods/cosmetic",
                    "iconUrl": "https://media.forgecdn.net/avatars/6/39/635351497555976928.png",
                    "dateModified": "2014-05-08T17:42:35.597Z",
                    "isClass": false,
                    "classId": 6,
                    "parentCategoryId": 6
                }
            ],
            "classId": 6,
            "authors": [
                {
                    "id": 108347484,
                    "name": "GhostRider0125",
                    "url": "https://www.curseforge.com/members/ghostrider0125"
                }
            ],
            "logo": {
                "id": 968646,
                "modId": 992029,
                "title": "638469034355820258.jpeg",
                "description": "",
                "thumbnailUrl": "https://media.forgecdn.net/avatars/thumbnails/968/646/256/256/638469034355820258.jpeg",
                "url": "https://media.forgecdn.net/avatars/968/646/638469034355820258.jpeg"
            },
            "screenshots": [
                {
                    "id": 831362,
                    "modId": 992029,
                    "title": "Magma Spas",
                    "description": "U gotta Love it XD",
                    "thumbnailUrl": "https://media.forgecdn.net/attachments/thumbnails/831/362/310/172/2024-03-16_13.jpg",
                    "url": "https://media.forgecdn.net/attachments/831/362/2024-03-16_13.jpg"
                },
                {
                    "id": 831366,
                    "modId": 992029,
                    "title": "Wood & Gold Kar98k",
                    "description": "",
                    "thumbnailUrl": "https://media.forgecdn.net/attachments/thumbnails/831/366/310/172/2024-03-16_13.jpg",
                    "url": "https://media.forgecdn.net/attachments/831/366/2024-03-16_13.jpg"
                },
                {
                    "id": 831359,
                    "modId": 992029,
                    "title": "Deap ocean Scar",
                    "description": "",
                    "thumbnailUrl": "https://media.forgecdn.net/attachments/thumbnails/831/359/310/172/2024-03-16_13.jpg",
                    "url": "https://media.forgecdn.net/attachments/831/359/2024-03-16_13.jpg"
                },
                {
                    "id": 831347,
                    "modId": 992029,
                    "title": "Glitched Magnum",
                    "description": "",
                    "thumbnailUrl": "https://media.forgecdn.net/attachments/thumbnails/831/347/310/172/2024-03-16_13.jpg",
                    "url": "https://media.forgecdn.net/attachments/831/347/2024-03-16_13.jpg"
                },
                {
                    "id": 831390,
                    "modId": 992029,
                    "title": "...",
                    "description": "",
                    "thumbnailUrl": "https://media.forgecdn.net/attachments/thumbnails/831/390/310/172/2024-03-16_13.jpg",
                    "url": "https://media.forgecdn.net/attachments/831/390/2024-03-16_13.jpg"
                },
                {
                    "id": 831355,
                    "modId": 992029,
                    "title": "wood & Gold Winchester",
                    "description": "",
                    "thumbnailUrl": "https://media.forgecdn.net/attachments/thumbnails/831/355/310/172/2024-03-16_13.jpg",
                    "url": "https://media.forgecdn.net/attachments/831/355/2024-03-16_13.jpg"
                },
                {
                    "id": 831345,
                    "modId": 992029,
                    "title": "Purple infeused Glock",
                    "description": "",
                    "thumbnailUrl": "https://media.forgecdn.net/attachments/thumbnails/831/345/310/172/2024-03-16_13.jpg",
                    "url": "https://media.forgecdn.net/attachments/831/345/2024-03-16_13.jpg"
                },
                {
                    "id": 831391,
                    "modId": 992029,
                    "title": "!!!",
                    "description": "",
                    "thumbnailUrl": "https://media.forgecdn.net/attachments/thumbnails/831/391/310/172/2024-03-13_19.jpg",
                    "url": "https://media.forgecdn.net/attachments/831/391/2024-03-13_19.jpg"
                },
                {
                    "id": 831353,
                    "modId": 992029,
                    "title": "Kawai M4 ",
                    "description": "(not proud of that name XD )",
                    "thumbnailUrl": "https://media.forgecdn.net/attachments/thumbnails/831/353/310/172/2024-03-16_13.jpg",
                    "url": "https://media.forgecdn.net/attachments/831/353/2024-03-16_13.jpg"
                },
                {
                    "id": 831368,
                    "modId": 992029,
                    "title": "Exclusion Zone intervention",
                    "description": "",
                    "thumbnailUrl": "https://media.forgecdn.net/attachments/thumbnails/831/368/310/172/2024-03-16_13.jpg",
                    "url": "https://media.forgecdn.net/attachments/831/368/2024-03-16_13.jpg"
                },
                {
                    "id": 831373,
                    "modId": 992029,
                    "title": "Wood & Gold AK47",
                    "description": "MY Boi! (Fixed Stock)",
                    "thumbnailUrl": "https://media.forgecdn.net/attachments/thumbnails/831/373/310/172/2024-03-16_13.jpg",
                    "url": "https://media.forgecdn.net/attachments/831/373/2024-03-16_13.jpg"
                },
                {
                    "id": 831372,
                    "modId": 992029,
                    "title": "Silver M60",
                    "description": "",
                    "thumbnailUrl": "https://media.forgecdn.net/attachments/thumbnails/831/372/310/172/2024-03-16_13.jpg",
                    "url": "https://media.forgecdn.net/attachments/831/372/2024-03-16_13.jpg"
                },
                {
                    "id": 831351,
                    "modId": 992029,
                    "title": "Disco Ump",
                    "description": "",
                    "thumbnailUrl": "https://media.forgecdn.net/attachments/thumbnails/831/351/310/172/2024-03-16_13.jpg",
                    "url": "https://media.forgecdn.net/attachments/831/351/2024-03-16_13.jpg"
                },
                {
                    "id": 831349,
                    "modId": 992029,
                    "title": "Golden Cheese Uzi",
                    "description": "",
                    "thumbnailUrl": "https://media.forgecdn.net/attachments/thumbnails/831/349/310/172/2024-03-16_13.jpg",
                    "url": "https://media.forgecdn.net/attachments/831/349/2024-03-16_13.jpg"
                },
                {
                    "id": 831346,
                    "modId": 992029,
                    "title": "Golden Deagle",
                    "description": "",
                    "thumbnailUrl": "https://media.forgecdn.net/attachments/thumbnails/831/346/310/172/2024-03-16_13.jpg",
                    "url": "https://media.forgecdn.net/attachments/831/346/2024-03-16_13.jpg"
                },
                {
                    "id": 831371,
                    "modId": 992029,
                    "title": "Diamond MINIGUN",
                    "description": "",
                    "thumbnailUrl": "https://media.forgecdn.net/attachments/thumbnails/831/371/310/172/2024-03-16_13.jpg",
                    "url": "https://media.forgecdn.net/attachments/831/371/2024-03-16_13.jpg"
                },
                {
                    "id": 831357,
                    "modId": 992029,
                    "title": "Vomit like Victor",
                    "description": "",
                    "thumbnailUrl": "https://media.forgecdn.net/attachments/thumbnails/831/357/310/172/2024-03-16_13.jpg",
                    "url": "https://media.forgecdn.net/attachments/831/357/2024-03-16_13.jpg"
                },
                {
                    "id": 831348,
                    "modId": 992029,
                    "title": "Silver Revolver",
                    "description": "",
                    "thumbnailUrl": "https://media.forgecdn.net/attachments/thumbnails/831/348/310/172/2024-03-16_13.jpg",
                    "url": "https://media.forgecdn.net/attachments/831/348/2024-03-16_13.jpg"
                },
                {
                    "id": 831354,
                    "modId": 992029,
                    "title": "crocodile wrath Benelli",
                    "description": "",
                    "thumbnailUrl": "https://media.forgecdn.net/attachments/thumbnails/831/354/310/172/2024-03-16_13.jpg",
                    "url": "https://media.forgecdn.net/attachments/831/354/2024-03-16_13.jpg"
                },
                {
                    "id": 831370,
                    "modId": 992029,
                    "title": "Wood & Gold Olympia",
                    "description": "",
                    "thumbnailUrl": "https://media.forgecdn.net/attachments/thumbnails/831/370/310/172/2024-03-16_14.jpg",
                    "url": "https://media.forgecdn.net/attachments/831/370/2024-03-16_14.jpg"
                }
            ],
            "mainFileId": 5208629,
            "latestFiles": [
                {
                    "id": 5208629,
                    "gameId": 432,
                    "modId": 992029,
                    "isAvailable": true,
                    "displayName": "SimpleAnimatedGuns-1.20.1-v1.3-BETA-2.jar",
                    "fileName": "SimpleAnimatedGuns-1.20.1-v1.3-BETA-2.jar",
                    "releaseType": 1,
                    "fileStatus": 4,
                    "hashes": [
                        {
                            "value": "228dea2e2efd53bfd88f1372ec659b804e0046ff",
                            "algo": 1
                        },
                        {
                            "value": "32492f68a7a36c2d0fcda133140bdb4e",
                            "algo": 2
                        }
                    ],
                    "fileDate": "2024-03-24T19:07:56.013Z",
                    "fileLength": 2994310,
                    "downloadCount": 10,
                    "downloadUrl": null,
                    "gameVersions": [
                        "1.20.1",
                        "Forge"
                    ],
                    "sortableGameVersions": [
                        {
                            "gameVersionName": "1.20.1",
                            "gameVersionPadded": "0000000001.0000000020.0000000001",
                            "gameVersion": "1.20.1",
                            "gameVersionReleaseDate": "2023-06-12T14:26:38.477Z",
                            "gameVersionTypeId": 75125
                        },
                        {
                            "gameVersionName": "Forge",
                            "gameVersionPadded": "0",
                            "gameVersion": "",
                            "gameVersionReleaseDate": "2022-10-01T00:00:00Z",
                            "gameVersionTypeId": 68441
                        }
                    ],
                    "dependencies": [],
                    "alternateFileId": 0,
                    "isServerPack": false,
                    "fileFingerprint": 3178126500,
                    "modules": [
                        {
                            "name": "META-INF",
                            "fingerprint": 164087502
                        },
                        {
                            "name": "fabric.mod.json",
                            "fingerprint": 3178763417
                        },
                        {
                            "name": "data",
                            "fingerprint": 3731477318
                        },
                        {
                            "name": "assets",
                            "fingerprint": 3242841679
                        },
                        {
                            "name": "anim_guns.mixins.json",
                            "fingerprint": 2739962543
                        },
                        {
                            "name": "anim_guns.accesswidener",
                            "fingerprint": 3710527800
                        },
                        {
                            "name": "animated_guns-refmap.json",
                            "fingerprint": 954702394
                        },
                        {
                            "name": "net",
                            "fingerprint": 2950329414
                        }
                    ]
                }
            ],
            "latestFilesIndexes": [
                {
                    "gameVersion": "1.20.1",
                    "fileId": 5208629,
                    "filename": "SimpleAnimatedGuns-1.20.1-v1.3-BETA-2.jar",
                    "releaseType": 1,
                    "gameVersionTypeId": 75125,
                    "modLoader": 1
                }
            ],
            "latestEarlyAccessFilesIndexes": [],
            "dateCreated": "2024-03-24T18:57:15.557Z",
            "dateModified": "2024-03-25T14:52:23.51Z",
            "dateReleased": "2024-03-24T19:07:56.013Z",
            "allowModDistribution": false,
            "gamePopularityRank": 999999,
            "isAvailable": true,
            "thumbsUpCount": 0
        },
        {
            "id": 978339,
            "gameId": 432,
            "name": "Guns, Magic, Dragons and Factory’s ",
            "slug": "jdona-question-mark-1-0",
            "links": {
                "websiteUrl": "https://www.curseforge.com/minecraft/modpacks/jdona-question-mark-1-0",
                "wikiUrl": "",
                "issuesUrl": null,
                "sourceUrl": null
            },
            "summary": "Fight dragons, create spells, mine the world and travel to other dimensions",
            "status": 4,
            "downloadCount": 16,
            "isFeatured": false,
            "primaryCategoryId": 4475,
            "categories": [
                {
                    "id": 4476,
                    "gameId": 432,
                    "name": "Exploration",
                    "slug": "exploration",
                    "url": "https://www.curseforge.com/minecraft/modpacks/exploration",
                    "iconUrl": "https://media.forgecdn.net/avatars/14/486/635596815896417213.png",
                    "dateModified": "2015-02-16T17:06:29.69Z",
                    "isClass": false,
                    "classId": 4471,
                    "parentCategoryId": 4471
                },
                {
                    "id": 4475,
                    "gameId": 432,
                    "name": "Adventure and RPG",
                    "slug": "adventure-and-rpg",
                    "url": "https://www.curseforge.com/minecraft/modpacks/adventure-and-rpg",
                    "iconUrl": "https://media.forgecdn.net/avatars/14/480/635596775049811800.png",
                    "dateModified": "2015-02-16T15:58:24.98Z",
                    "isClass": false,
                    "classId": 4471,
                    "parentCategoryId": 4471
                },
                {
                    "id": 4473,
                    "gameId": 432,
                    "name": "Magic",
                    "slug": "magic",
                    "url": "https://www.curseforge.com/minecraft/modpacks/magic",
                    "iconUrl": "https://media.forgecdn.net/avatars/14/474/635596760578719019.png",
                    "dateModified": "2015-02-16T15:34:17.873Z",
                    "isClass": false,
                    "classId": 4471,
                    "parentCategoryId": 4471
                },
                {
                    "id": 4484,
                    "gameId": 432,
                    "name": "Multiplayer",
                    "slug": "multiplayer",
                    "url": "https://www.curseforge.com/minecraft/modpacks/multiplayer",
                    "iconUrl": "https://media.forgecdn.net/avatars/14/481/635596792838491141.png",
                    "dateModified": "2015-02-16T16:28:03.85Z",
                    "isClass": false,
                    "classId": 4471,
                    "parentCategoryId": 4471
                },
                {
                    "id": 4472,
                    "gameId": 432,
                    "name": "Tech",
                    "slug": "tech",
                    "url": "https://www.curseforge.com/minecraft/modpacks/tech",
                    "iconUrl": "https://media.forgecdn.net/avatars/14/479/635596761534662757.png",
                    "dateModified": "2015-02-16T15:35:53.467Z",
                    "isClass": false,
                    "classId": 4471,
                    "parentCategoryId": 4471
                }
            ],
            "classId": 4471,
            "authors": [
                {
                    "id": 103215438,
                    "name": "thereapers999",
                    "url": "https://www.curseforge.com/members/thereapers999"
                }
            ],
            "logo": {
                "id": 952477,
                "modId": 978339,
                "title": "638442436915736999.jpeg",
                "description": "",
                "thumbnailUrl": "https://media.forgecdn.net/avatars/thumbnails/952/477/256/256/638442436915736999.jpeg",
                "url": "https://media.forgecdn.net/avatars/952/477/638442436915736999.jpeg"
            },
            "screenshots": [],
            "mainFileId": 5129386,
            "latestFiles": [
                {
                    "id": 5129386,
                    "gameId": 432,
                    "modId": 978339,
                    "isAvailable": true,
                    "displayName": "Question Mark 1.0",
                    "fileName": "Question mark-1.zip",
                    "releaseType": 2,
                    "fileStatus": 4,
                    "hashes": [
                        {
                            "value": "491fbcab19ecb480545369dd9425f146b9f0361f",
                            "algo": 1
                        },
                        {
                            "value": "3ee00733383f60a71cd842539605e2bf",
                            "algo": 2
                        }
                    ],
                    "fileDate": "2024-02-23T00:11:23.553Z",
                    "fileLength": 374016,
                    "downloadCount": 6,
                    "downloadUrl": "https://edge.forgecdn.net/files/5129/386/Question%20mark-1.zip",
                    "gameVersions": [
                        "1.16.5",
                        "Forge"
                    ],
                    "sortableGameVersions": [
                        {
                            "gameVersionName": "1.16.5",
                            "gameVersionPadded": "0000000001.0000000016.0000000005",
                            "gameVersion": "1.16.5",
                            "gameVersionReleaseDate": "2021-01-15T14:14:48.91Z",
                            "gameVersionTypeId": 70886
                        },
                        {
                            "gameVersionName": "Forge",
                            "gameVersionPadded": "0",
                            "gameVersion": "",
                            "gameVersionReleaseDate": "2022-10-01T00:00:00Z",
                            "gameVersionTypeId": 68441
                        }
                    ],
                    "dependencies": [],
                    "alternateFileId": 0,
                    "isServerPack": false,
                    "fileFingerprint": 3359031257,
                    "modules": [
                        {
                            "name": "manifest.json",
                            "fingerprint": 18244217
                        }
                    ]
                }
            ],
            "latestFilesIndexes": [
                {
                    "gameVersion": "1.16.5",
                    "fileId": 5129386,
                    "filename": "Question mark-1.zip",
                    "releaseType": 2,
                    "gameVersionTypeId": 70886,
                    "modLoader": 1
                }
            ],
            "latestEarlyAccessFilesIndexes": [],
            "dateCreated": "2024-02-23T00:08:11.55Z",
            "dateModified": "2024-02-25T14:22:56.08Z",
            "dateReleased": "2024-02-23T00:11:23.553Z",
            "allowModDistribution": true,
            "gamePopularityRank": 199572,
            "isAvailable": true,
            "thumbsUpCount": 0
        },
        {
            "id": 952224,
            "gameId": 432,
            "name": "Carbon's Guns & Dragons",
            "slug": "carbons-guns-dragons",
            "links": {
                "websiteUrl": "https://www.curseforge.com/minecraft/modpacks/carbons-guns-dragons",
                "wikiUrl": "",
                "issuesUrl": null,
                "sourceUrl": null
            },
            "summary": "Guns, Dragons and various other mods",
            "status": 4,
            "downloadCount": 15,
            "isFeatured": false,
            "primaryCategoryId": 4475,
            "categories": [
                {
                    "id": 4475,
                    "gameId": 432,
                    "name": "Adventure and RPG",
                    "slug": "adventure-and-rpg",
                    "url": "https://www.curseforge.com/minecraft/modpacks/adventure-and-rpg",
                    "iconUrl": "https://media.forgecdn.net/avatars/14/480/635596775049811800.png",
                    "dateModified": "2015-02-16T15:58:24.98Z",
                    "isClass": false,
                    "classId": 4471,
                    "parentCategoryId": 4471
                },
                {
                    "id": 4484,
                    "gameId": 432,
                    "name": "Multiplayer",
                    "slug": "multiplayer",
                    "url": "https://www.curseforge.com/minecraft/modpacks/multiplayer",
                    "iconUrl": "https://media.forgecdn.net/avatars/14/481/635596792838491141.png",
                    "dateModified": "2015-02-16T16:28:03.85Z",
                    "isClass": false,
                    "classId": 4471,
                    "parentCategoryId": 4471
                },
                {
                    "id": 4476,
                    "gameId": 432,
                    "name": "Exploration",
                    "slug": "exploration",
                    "url": "https://www.curseforge.com/minecraft/modpacks/exploration",
                    "iconUrl": "https://media.forgecdn.net/avatars/14/486/635596815896417213.png",
                    "dateModified": "2015-02-16T17:06:29.69Z",
                    "isClass": false,
                    "classId": 4471,
                    "parentCategoryId": 4471
                },
                {
                    "id": 4473,
                    "gameId": 432,
                    "name": "Magic",
                    "slug": "magic",
                    "url": "https://www.curseforge.com/minecraft/modpacks/magic",
                    "iconUrl": "https://media.forgecdn.net/avatars/14/474/635596760578719019.png",
                    "dateModified": "2015-02-16T15:34:17.873Z",
                    "isClass": false,
                    "classId": 4471,
                    "parentCategoryId": 4471
                },
                {
                    "id": 4483,
                    "gameId": 432,
                    "name": "Combat / PvP",
                    "slug": "combat-pvp",
                    "url": "https://www.curseforge.com/minecraft/modpacks/combat-pvp",
                    "iconUrl": "https://media.forgecdn.net/avatars/14/313/635591779575605594.png",
                    "dateModified": "2015-02-10T21:12:37.56Z",
                    "isClass": false,
                    "classId": 4471,
                    "parentCategoryId": 4471
                }
            ],
            "classId": 4471,
            "authors": [
                {
                    "id": 103568502,
                    "name": "CarbonCrystal619",
                    "url": "https://www.curseforge.com/members/carboncrystal619"
                }
            ],
            "logo": {
                "id": 921787,
                "modId": 952224,
                "title": "638386551518878752.jpeg",
                "description": "",
                "thumbnailUrl": "https://media.forgecdn.net/avatars/thumbnails/921/787/256/256/638386551518878752.jpeg",
                "url": "https://media.forgecdn.net/avatars/921/787/638386551518878752.jpeg"
            },
            "screenshots": [
                {
                    "id": 777347,
                    "modId": 952224,
                    "title": "Icon",
                    "description": "it's the icon i made for this modpack",
                    "thumbnailUrl": "https://media.forgecdn.net/attachments/thumbnails/777/347/310/172/guns-dragons-icon.jpg",
                    "url": "https://media.forgecdn.net/attachments/777/347/guns-dragons-icon.jpg"
                }
            ],
            "mainFileId": 5155372,
            "latestFiles": [
                {
                    "id": 5155372,
                    "gameId": 432,
                    "modId": 952224,
                    "isAvailable": true,
                    "displayName": "G&D-S3",
                    "fileName": "Season 3 Guns and Dragons.zip",
                    "releaseType": 1,
                    "fileStatus": 4,
                    "hashes": [
                        {
                            "value": "b64a9eea94da44d28793cb8a518148b915bda999",
                            "algo": 1
                        },
                        {
                            "value": "f537798ecc3634e8b9127c7fda9f5a3d",
                            "algo": 2
                        }
                    ],
                    "fileDate": "2024-03-03T22:05:47.597Z",
                    "fileLength": 115106,
                    "downloadCount": 7,
                    "downloadUrl": "https://edge.forgecdn.net/files/5155/372/Season%203%20Guns%20and%20Dragons.zip",
                    "gameVersions": [
                        "1.16.5",
                        "Forge"
                    ],
                    "sortableGameVersions": [
                        {
                            "gameVersionName": "1.16.5",
                            "gameVersionPadded": "0000000001.0000000016.0000000005",
                            "gameVersion": "1.16.5",
                            "gameVersionReleaseDate": "2021-01-15T14:14:48.91Z",
                            "gameVersionTypeId": 70886
                        },
                        {
                            "gameVersionName": "Forge",
                            "gameVersionPadded": "0",
                            "gameVersion": "",
                            "gameVersionReleaseDate": "2022-10-01T00:00:00Z",
                            "gameVersionTypeId": 68441
                        }
                    ],
                    "dependencies": [],
                    "alternateFileId": 0,
                    "isServerPack": false,
                    "fileFingerprint": 4142087200,
                    "modules": [
                        {
                            "name": "manifest.json",
                            "fingerprint": 2260931677
                        }
                    ]
                }
            ],
            "latestFilesIndexes": [
                {
                    "gameVersion": "1.16.5",
                    "fileId": 5155372,
                    "filename": "Season 3 Guns and Dragons.zip",
                    "releaseType": 1,
                    "gameVersionTypeId": 70886,
                    "modLoader": 1
                }
            ],
            "latestEarlyAccessFilesIndexes": [],
            "dateCreated": "2023-12-20T07:45:51.843Z",
            "dateModified": "2024-03-03T22:10:37.267Z",
            "dateReleased": "2024-03-03T22:05:47.597Z",
            "allowModDistribution": true,
            "gamePopularityRank": 191517,
            "isAvailable": true,
            "thumbsUpCount": 0
        },
        {
            "id": 976131,
            "gameId": 432,
            "name": "Guns & Gargoyles",
            "slug": "guns-gargoyles",
            "links": {
                "websiteUrl": "https://www.curseforge.com/minecraft/modpacks/guns-gargoyles",
                "wikiUrl": null,
                "issuesUrl": null,
                "sourceUrl": null
            },
            "summary": "A modpack that includes guns, fantasy elements, and a few RPG elements.",
            "status": 4,
            "downloadCount": 52,
            "isFeatured": false,
            "primaryCategoryId": 4476,
            "categories": [
                {
                    "id": 4475,
                    "gameId": 432,
                    "name": "Adventure and RPG",
                    "slug": "adventure-and-rpg",
                    "url": "https://www.curseforge.com/minecraft/modpacks/adventure-and-rpg",
                    "iconUrl": "https://media.forgecdn.net/avatars/14/480/635596775049811800.png",
                    "dateModified": "2015-02-16T15:58:24.98Z",
                    "isClass": false,
                    "classId": 4471,
                    "parentCategoryId": 4471
                },
                {
                    "id": 4481,
                    "gameId": 432,
                    "name": "Small / Light",
                    "slug": "small-light",
                    "url": "https://www.curseforge.com/minecraft/modpacks/small-light",
                    "iconUrl": "https://media.forgecdn.net/avatars/14/478/635596761449660932.png",
                    "dateModified": "2015-02-16T15:35:44.967Z",
                    "isClass": false,
                    "classId": 4471,
                    "parentCategoryId": 4471
                },
                {
                    "id": 4476,
                    "gameId": 432,
                    "name": "Exploration",
                    "slug": "exploration",
                    "url": "https://www.curseforge.com/minecraft/modpacks/exploration",
                    "iconUrl": "https://media.forgecdn.net/avatars/14/486/635596815896417213.png",
                    "dateModified": "2015-02-16T17:06:29.69Z",
                    "isClass": false,
                    "classId": 4471,
                    "parentCategoryId": 4471
                }
            ],
            "classId": 4471,
            "authors": [
                {
                    "id": 107777569,
                    "name": "ur_average_npc_01363",
                    "url": "https://www.curseforge.com/members/ur_average_npc_01363"
                }
            ],
            "logo": {
                "id": 949810,
                "modId": 976131,
                "title": "638438170539039895.jpeg",
                "description": "",
                "thumbnailUrl": "https://media.forgecdn.net/avatars/thumbnails/949/810/256/256/638438170539039895.jpeg",
                "url": "https://media.forgecdn.net/avatars/949/810/638438170539039895.jpeg"
            },
            "screenshots": [],
            "mainFileId": 5116257,
            "latestFiles": [
                {
                    "id": 5116257,
                    "gameId": 432,
                    "modId": 976131,
                    "isAvailable": true,
                    "displayName": "G&G.zip",
                    "fileName": "GG.zip",
                    "releaseType": 1,
                    "fileStatus": 4,
                    "hashes": [
                        {
                            "value": "c4c825f5c75034d198eb0de52119a73fa03a38ba",
                            "algo": 1
                        },
                        {
                            "value": "11adf19307fef9d612a1c740de180d85",
                            "algo": 2
                        }
                    ],
                    "fileDate": "2024-02-18T01:45:15.8Z",
                    "fileLength": 59941,
                    "downloadCount": 5,
                    "downloadUrl": null,
                    "gameVersions": [
                        "1.16.5",
                        "Forge"
                    ],
                    "sortableGameVersions": [
                        {
                            "gameVersionName": "1.16.5",
                            "gameVersionPadded": "0000000001.0000000016.0000000005",
                            "gameVersion": "1.16.5",
                            "gameVersionReleaseDate": "2021-01-15T14:14:48.91Z",
                            "gameVersionTypeId": 70886
                        },
                        {
                            "gameVersionName": "Forge",
                            "gameVersionPadded": "0",
                            "gameVersion": "",
                            "gameVersionReleaseDate": "2022-10-01T00:00:00Z",
                            "gameVersionTypeId": 68441
                        }
                    ],
                    "dependencies": [],
                    "alternateFileId": 0,
                    "isServerPack": false,
                    "fileFingerprint": 3410097636,
                    "modules": [
                        {
                            "name": "manifest.json",
                            "fingerprint": 82719038
                        }
                    ]
                }
            ],
            "latestFilesIndexes": [
                {
                    "gameVersion": "1.16.5",
                    "fileId": 5116257,
                    "filename": "GG.zip",
                    "releaseType": 1,
                    "gameVersionTypeId": 70886,
                    "modLoader": 1
                }
            ],
            "latestEarlyAccessFilesIndexes": [],
            "dateCreated": "2024-02-18T01:37:33.883Z",
            "dateModified": "2024-02-21T13:10:13.917Z",
            "dateReleased": "2024-02-18T01:45:15.8Z",
            "allowModDistribution": false,
            "gamePopularityRank": 191438,
            "isAvailable": true,
            "thumbsUpCount": 0
        }
    ],
    "pagination": {
        "index": 0,
        "pageSize": 10,
        "resultCount": 10,
        "totalCount": 269
    }
}