{
  "modListVersion": 2,
  "modList": [{
    "modid": "journeymap",
    "name": "JourneyMap",
    "description": "JourneyMap: Real-time map in-game or in a web browser as you explore. JourneyMap API: v1.12-1.4. Built: 2020-03-29-16:08:52.",
    "version": "1.12.2-5.7.1",
    "mcversion": "1.12.2",
    "url": "http://journeymap.info",
    "updateUrl": "",
    "authorList": ["techbrew", "mysticdrew"],
    "logoFile": "assets/journeymap/ui/img/ico/journeymap.png",
    "screenshots": [],
    "dependants":[],
    "dependencies": ["Forge@[14.23.5.2768,)"],
    "requiredMods": [],
    "useDependencyInformation": true
  }]
}