[
{
  "modid": "techguns",
  "name": "Techguns",
  "description": "Guns, Armors, NPCs, Machines and more",
  "version": "1.12.2-2.0.2.0",
  "mcversion": "1.12.2",
  "url": "https://github.com/pWn3d1337/Techguns2",
  "updateUrl": "https://raw.githubusercontent.com/pWn3d1337/Techguns2/master/update.json",
  "authorList": ["pWn3d_1337, Th3_St4lk3r"],
  "credits": "",
  "logoFile": "",
  "screenshots": [],
  "dependencies": []
},
{
  "modid": "techguns_core",
  "name": "Techguns Core",
  "description": "Coremod for Techguns",
  "version": "1.0",
  "mcversion": "1.12.2",
  "url": "https://github.com/pWn3d1337/Techguns2",
  "authorList": ["pWn3d_1337, Th3_St4lk3r"],
  "credits": "",
  "logoFile": "",
  "screenshots": [],
  "dependencies": []
}
]
